group,name,energy_Wh
category,propulsion,0.011447883551609587
category,sensors,0.05083333333333329
category,compute,0.0
category,auxiliaries,0.12499999999999455
category,converters,0.01953703703703695
category,battery_losses,0.0007328196810977202
device,T1,0.0
device,T2,0.0
device,T3,0.0
device,T4,0.0
device,T5,0.0028619708879023967
device,T6,0.0028619708879023967
device,T7,0.0028619708879023967
device,T8,0.0028619708879023967
device,Camera,0.00916666666666646
device,ImagingSonar,0.04166666666666853
device,hotel_constant,0.12499999999999455
phase_terminal,station_keeping,0.20681825392197942
