case,trial,ticks_per_sec,step,time_s,dt_s,current_m_s,velocity_before_m_s,velocity_m_s,position_m,angular_velocity_rad_s,rpy_deg,acceleration_fd_m_s2,acceleration_sensor_m_s2,force_ma_N,force_reconstructed_N,thrust_reference_N,expected_drag_N,observed_drag_N,predicted_source_velocity_m_s,source_prediction_velocity_error_m_s,damping_gain,collision,observed_expected_scale,step_observed_expected_scales,maximum_angular_velocity_rad_s,any_collision,maximum_sensor_fd_error_m_s2,maximum_source_prediction_error_m_s
neutral_zero,0,60,0,0.016666666666666666,0.016666666666666666,"[0, 0, 0]","[0.0, -0.0, 0.0]","[0.0, -0.0, 0.0]","[0.0, -0.0, -5.0]","[-0.0, 0.0, -0.0]","[0.0, -0.0, -0.0]","[0.0, 0.0, 0.0]","[0.0, 0.0, 0.0]","[0.0, 0.0, 0.0]","[0.0, 0.0, 0.0]","[0.0, 0.0, 0.0]","[-0.0, 0.0, -0.0]","[0.0, 0.0, 0.0]","[0.0, 0.0, 0.0]",0.0,0.9833333333333333,False,,"[null, null, null, null, null, null, null, null]",0.0,False,0.0,0.0
thrust_0_10N,0,60,0,0.16666666666666666,0.016666666666666663,"[0, 0, 0]","[0.0, -0.0, 0.0]","[0.014251207932829857, -0.0, 0.0]","[0.00023752014385536313, -0.0, -5.0]","[-0.0, 0.0, -0.0]","[0.0, -0.0, -0.0]","[0.8550724759697916, 0.0, 0.0]","[0.8550724387168884, 0.0, 0.0]","[9.833333473652603, 0.0, 0.0]","[10.000000142697564, 0.0, 0.0]","[10, 0.0, 0.0]","[-0.0, 0.0, -0.0]","[1.4269756398732625e-07, 0.0, 0.0]","[0.014251207729468597, 0.0, 0.0]",2.0336126012321376e-10,0.9833333333333333,False,,"[null, 0.009977650445141664, 0.010005666798945106, 0.009992916227472365, 0.010002359271847262, 0.00999646029775912, 0.010000244561580787, 0.009999886215276753]",0.0,False,2.682209017113024e-07,4.2982438996919115e-09
gravity_air,0,60,0,0.31666666666666665,0.016666666666666663,"[0, 0, 0]","[0, 0, 0]","[0.0, -0.0, -0.1606111228466034]","[0.0, -0.0, 19.99732208251953]","[-0.0, 0.0, -0.0]","[0.0, -0.0, -0.0]","[0.0, -0.0, -9.636667370796205]","[0.0, 0.0, -9.636667251586914]","[0.0, -0.0, -110.82167476415636]","[0.0, -0.0, -112.7000082347353]","[0.0, 0.0, 0.0]","[0, 0, 0]","[0.0, -0.0, -8.234735290102435e-06]","[0.0, 0.0, -0.1606111111111111]",1.1735492300157802e-08,0.9833333333333333,False,,"[null, null, null, null, null, null, null, null]",0.0,False,5.722045896661143e-06,9.157922531422003e-08
autodrag_x_0.2,0,60,0,0.4666666666666667,0.016666666666666663,"[0, 0, 0]","[0.1966666579246521, -0.0, 0.0]","[0.19328996539115906, -0.0, 0.0]","[0.006499277427792549, -0.0, -5.0]","[-0.0, 0.0, -0.0]","[0.0, -0.0, -0.0]","[-0.20260155200958258, 0.0, 0.0]","[-0.202601820230484, 0.0, 0.0]","[-2.3299178481101994, 0.0, 0.0]","[-0.06940808336612732, 0.0, 0.0]","[0.0, 0.0, 0.0]","[-6.941113382922186, 0.0, -0.0]","[-0.06940808336612732, 0.0, 0.0]","[0.19328996104388071, 0.0, 0.0]",4.3472783428644135e-09,0.9833333333333333,False,0.009999560522508963,"[0.009999560522508963, 0.009999180017206304, 0.010001162970904217, 0.009999982888140871, 0.00999953068387759, 0.010000704032478287, 0.009998912157878957, 0.010000271428831461]",0.0,False,6.55651092584808e-07,1.0734247102295313e-08
autodrag_x_0.4,0,60,0,0.6166666666666667,0.01666666666666672,"[0, 0, 0]","[0.3933333158493042, -0.0, 0.0]","[0.3863821029663086, -0.0, 0.0]","[0.01299525797367096, -0.0, -5.0]","[-0.0, 0.0, -0.0]","[0.0, -0.0, -0.0]","[-0.41707277297973505, 0.0, 0.0]","[-0.41707396507263184, 0.0, 0.0]","[-4.796336889266953, 0.0, 0.0]","[-0.2776309393220052, 0.0, 0.0]","[0.0, 0.0, 0.0]","[-27.764453531688744, 0.0, -0.0]","[-0.2776309393220052, 0.0, 0.0]","[0.38638208359037385, 0.0, 0.0]",1.9375934745546886e-08,0.9833333333333333,False,0.0099995103092929,"[0.0099995103092929, 0.0099998991848271, 0.010000095038853109, 0.010000166340193326, 0.010000143002223757, 0.010000009199286649, 0.009999695450477842, 0.010000035968373963]",0.0,False,1.192092896784569e-06,1.9375934745546886e-08
autodrag_x_0.8,0,60,0,0.7666666666666667,0.01666666666666672,"[0, 0, 0]","[0.7866666316986084, -0.0, 0.0]","[0.7719728350639343, -0.0, 0.0]","[0.025977326557040215, -0.0, -5.0]","[-0.0, 0.0, -0.0]","[0.0, -0.0, -0.0]","[-0.8816277980804416, 0.0, 0.0]","[-0.8816291689872742, 0.0, 0.0]","[-10.138719677925078, 0.0, 0.0]","[-1.1105627932791038, 0.0, 0.0]","[0.0, 0.0, 0.0]","[-111.05781412675498, 0.0, -0.0]","[-1.1105627932791038, 0.0, 0.0]","[0.7719728131911971, 0.0, 0.0]",2.1872737177019985e-08,0.9833333333333333,False,0.009999861801814069,"[0.009999861801814069, 0.01000000460324826, 0.010000116995205154, 0.010000043865855245, 0.009999983151406433, 0.009999657380786207, 0.010000098602678946, 0.010000015541384721]",0.0,False,2.741813656892411e-06,4.494186567338687e-08
autodrag_0_-1,0,60,0,0.9166666666666666,0.016666666666666607,"[0, 0, 0]","[-0.3933333158493042, -0.0, 0.0]","[-0.3863821029663086, -0.0, 0.0]","[-0.01299525797367096, -0.0, -5.0]","[-0.0, 0.0, -0.0]","[0.0, -0.0, -0.0]","[0.4170727729797378, 0.0, 0.0]","[0.41707396507263184, 0.0, 0.0]","[4.796336889266985, 0.0, 0.0]","[0.2776309393220071, 0.0, 0.0]","[0.0, 0.0, 0.0]","[27.764453531688744, 0.0, -0.0]","[0.2776309393220071, 0.0, 0.0]","[-0.38638208359037385, 0.0, 0.0]",1.9375934745546886e-08,0.9833333333333333,False,0.009999510309292968,"[0.009999510309292968, 0.009999899184827033, 0.010000095038853175, 0.01000016634019326, 0.010000143002223825, 0.010000009199286583, 0.00999969545047791, 0.010000035968373832]",0.0,False,1.1920928940090114e-06,1.9375934745546886e-08
autodrag_1_-1,0,60,0,1.0666666666666667,0.016666666666666607,"[0, 0, 0]","[0.0, -0.3933333158493042, 0.0]","[0.0, -0.3863821029663086, 0.0]","[0.0, -0.01299525797367096, -5.0]","[-0.0, 0.0, -0.0]","[0.0, -0.0, -0.0]","[0.0, 0.4170727729797378, 0.0]","[0.0, 0.41707396507263184, 0.0]","[0.0, 4.796336889266985, 0.0]","[0.0, 0.2776309393220071, 0.0]","[0.0, 0.0, 0.0]","[-0.0, 27.764453531688744, -0.0]","[0.0, 0.2776309393220071, 0.0]","[0.0, -0.38638208359037385, 0.0]",1.9375934745546886e-08,0.9833333333333333,False,0.009999510309292968,"[0.009999510309292968, 0.0099998991848271, 0.01000009503885304, 0.010000166340193326, 0.010000143002223825, 0.010000009199286649, 0.009999695450477776, 0.010000035968373963]",0.0,False,1.1920928940090114e-06,1.9375934745546886e-08
autodrag_1_1,0,60,0,1.2166666666666666,0.016666666666666607,"[0, 0, 0]","[0.0, 0.3933333158493042, 0.0]","[0.0, 0.3863821029663086, 0.0]","[0.0, 0.01299525797367096, -5.0]","[-0.0, 0.0, -0.0]","[0.0, -0.0, -0.0]","[0.0, -0.4170727729797378, 0.0]","[0.0, -0.41707396507263184, 0.0]","[0.0, -4.796336889266985, 0.0]","[0.0, -0.2776309393220071, 0.0]","[0.0, 0.0, 0.0]","[-0.0, -27.764453531688744, -0.0]","[0.0, -0.2776309393220071, 0.0]","[0.0, 0.38638208359037385, 0.0]",1.9375934745546886e-08,0.9833333333333333,False,0.009999510309292968,"[0.009999510309292968, 0.009999899184826966, 0.010000095038853175, 0.010000166340193326, 0.010000143002223691, 0.010000009199286649, 0.00999969545047791, 0.010000035968373963]",0.0,False,1.1920928940090114e-06,1.9375934745546886e-08
autodrag_2_-1,0,60,0,1.3666666666666667,0.016666666666666607,"[0, 0, 0]","[0.0, -0.0, -0.3933333158493042]","[0.0, -0.0, -0.3863821029663086]","[0.0, -0.0, -5.01299524307251]","[-0.0, 0.0, -0.0]","[0.0, -0.0, -0.0]","[0.0, 0.0, 0.4170727729797378]","[0.0, 0.0, 0.41707396507263184]","[0.0, 0.0, 4.796336889266985]","[0.0, 0.0, 0.2776309393220071]","[0.0, 0.0, 0.0]","[-0.0, 0.0, 27.764453531688744]","[0.0, 0.0, 0.2776309393220071]","[0.0, 0.0, -0.38638208359037385]",1.9375934745546886e-08,0.9833333333333333,False,0.009999510309292968,"[0.009999510309292968, 0.0099998991848271, 0.010000095038853175, 0.010000166340193194, 0.010000143002223825, 0.010000009199286649, 0.00999969545047791, 0.010000035968373832]",0.0,False,1.1920928940090114e-06,1.9375934745546886e-08
autodrag_2_1,0,60,0,1.5166666666666666,0.016666666666666607,"[0, 0, 0]","[0.0, -0.0, 0.3933333158493042]","[0.0, -0.0, 0.3863821029663086]","[0.0, -0.0, -4.98700475692749]","[-0.0, 0.0, -0.0]","[0.0, -0.0, -0.0]","[0.0, 0.0, -0.4170727729797378]","[0.0, 0.0, -0.41707396507263184]","[0.0, 0.0, -4.796336889266985]","[0.0, 0.0, -0.2776309393220071]","[0.0, 0.0, 0.0]","[-0.0, 0.0, -27.764453531688744]","[0.0, 0.0, -0.2776309393220071]","[0.0, 0.0, 0.38638208359037385]",1.9375934745546886e-08,0.9833333333333333,False,0.009999510309292968,"[0.009999510309292968, 0.009999899184826966, 0.010000095038853175, 0.010000166340193326, 0.010000143002223825, 0.010000009199286515, 0.00999969545047791, 0.010000035968373963]",0.0,False,1.1920928940090114e-06,1.9375934745546886e-08
autodrag_yaw90_world_x,0,60,0,1.6666666666666667,0.01666666666666683,"[0, 0, 0]","[0.3933333158493042, -0.0, 0.0]","[0.3863821029663086, -0.0, 0.0]","[0.01299525797367096, -3.3306689994292145e-18, -5.0]","[-0.0, 0.0, -0.0]","[0.0, -0.0, 90.00000762939453]","[-0.4170727729797323, 0.0, 0.0]","[-0.41707396507263184, 0.0, 0.0]","[-4.796336889266922, 0.0, 0.0]","[-0.2776309393220034, 0.0, 0.0]","[0.0, 0.0, 0.0]","[-27.764453531688744, 0.0, -0.0]","[-0.2776309393220034, 0.0, 0.0]","[0.38638208359037385, 0.0, 0.0]",1.9375934745546886e-08,0.9833333333333333,False,0.009999510309292832,"[0.009999510309292832, 0.0099998991848271, 0.010000095038853175, 0.010000166340193326, 0.010000143002223691, 0.010000009199286649, 0.00999969545047791, 0.010000035968373832]",0.0,False,1.1920928995601265e-06,1.9375934745546886e-08
neutral_zero,1,60,0,1.8166666666666667,0.016666666666666607,"[0, 0, 0]","[0.0, -0.0, 0.0]","[0.0, -0.0, 0.0]","[0.0, -0.0, -5.0]","[-0.0, 0.0, -0.0]","[0.0, -0.0, -0.0]","[0.0, 0.0, 0.0]","[0.0, 0.0, 0.0]","[0.0, 0.0, 0.0]","[0.0, 0.0, 0.0]","[0.0, 0.0, 0.0]","[-0.0, 0.0, -0.0]","[0.0, 0.0, 0.0]","[0.0, 0.0, 0.0]",0.0,0.9833333333333333,False,,"[null, null, null, null, null, null, null, null]",0.0,False,0.0,0.0
thrust_0_10N,1,60,0,1.9666666666666666,0.016666666666666607,"[0, 0, 0]","[0.0, -0.0, 0.0]","[0.014251207932829857, -0.0, 0.0]","[0.00023752014385536313, -0.0, -5.0]","[-0.0, 0.0, -0.0]","[0.0, -0.0, -0.0]","[0.8550724759697944, 0.0, 0.0]","[0.8550724387168884, 0.0, 0.0]","[9.833333473652635, 0.0, 0.0]","[10.000000142697598, 0.0, 0.0]","[10, 0.0, 0.0]","[-0.0, 0.0, -0.0]","[1.426975977381062e-07, 0.0, 0.0]","[0.014251207729468597, 0.0, 0.0]",2.0336126012321376e-10,0.9833333333333333,False,,"[null, 0.00997765044787094, 0.010005666798598177, 0.009992916227365966, 0.0100023592717864, 0.00999646029771951, 0.01000024456177365, 0.009999886215256954]",0.0,False,2.682209042648154e-07,4.2982438996919115e-09
gravity_air,1,60,0,2.1166666666666667,0.016666666666666607,"[0, 0, 0]","[0, 0, 0]","[0.0, -0.0, -0.1606111228466034]","[0.0, -0.0, 19.99732208251953]","[-0.0, 0.0, -0.0]","[0.0, -0.0, -0.0]","[0.0, -0.0, -9.636667370796237]","[0.0, 0.0, -9.636667251586914]","[0.0, -0.0, -110.82167476415673]","[0.0, -0.0, -112.70000823473568]","[0.0, 0.0, 0.0]","[0, 0, 0]","[0.0, -0.0, -8.234735673795512e-06]","[0.0, 0.0, -0.1606111111111111]",1.1735492300157802e-08,0.9833333333333333,False,,"[null, null, null, null, null, null, null, null]",0.0,False,5.722045868239434e-06,9.157922531422003e-08
autodrag_x_0.2,1,60,0,2.2666666666666666,0.016666666666666607,"[0, 0, 0]","[0.1966666579246521, -0.0, 0.0]","[0.19328996539115906, -0.0, 0.0]","[0.006499277427792549, -0.0, -5.0]","[-0.0, 0.0, -0.0]","[0.0, -0.0, -0.0]","[-0.20260155200958324, 0.0, 0.0]","[-0.202601820230484, 0.0, 0.0]","[-2.3299178481102074, 0.0, 0.0]","[-0.06940808336612755, 0.0, 0.0]","[0.0, 0.0, 0.0]","[-6.941113382922186, 0.0, -0.0]","[-0.06940808336612755, 0.0, 0.0]","[0.19328996104388071, 0.0, 0.0]",4.3472783428644135e-09,0.9833333333333333,False,0.009999560522508995,"[0.009999560522508995, 0.009999180017206339, 0.010001162970904252, 0.009999982888140673, 0.00999953068387759, 0.010000704032478352, 0.009998912157878957, 0.010000271428831526]",0.0,False,6.556510932231863e-07,1.0734247102295313e-08
autodrag_x_0.4,1,60,0,2.4166666666666665,0.016666666666666607,"[0, 0, 0]","[0.3933333158493042, -0.0, 0.0]","[0.3863821029663086, -0.0, 0.0]","[0.01299525797367096, -0.0, -5.0]","[-0.0, 0.0, -0.0]","[0.0, -0.0, -0.0]","[-0.4170727729797378, 0.0, 0.0]","[-0.41707396507263184, 0.0, 0.0]","[-4.796336889266985, 0.0, 0.0]","[-0.2776309393220071, 0.0, 0.0]","[0.0, 0.0, 0.0]","[-27.764453531688744, 0.0, -0.0]","[-0.2776309393220071, 0.0, 0.0]","[0.38638208359037385, 0.0, 0.0]",1.9375934745546886e-08,0.9833333333333333,False,0.009999510309292968,"[0.009999510309292968, 0.0099998991848271, 0.010000095038852906, 0.010000166340193326, 0.010000143002223825, 0.010000009199286649, 0.00999969545047791, 0.010000035968373963]",0.0,False,1.1920928940090114e-06,1.9375934745546886e-08
autodrag_x_0.8,1,60,0,2.566666666666667,0.01666666666666705,"[0, 0, 0]","[0.7866666316986084, -0.0, 0.0]","[0.7719728350639343, -0.0, 0.0]","[0.025977326557040215, -0.0, -5.0]","[-0.0, 0.0, -0.0]","[0.0, -0.0, -0.0]","[-0.881627798080424, 0.0, 0.0]","[-0.8816291689872742, 0.0, 0.0]","[-10.138719677924875, 0.0, 0.0]","[-1.1105627932790818, 0.0, 0.0]","[0.0, 0.0, 0.0]","[-111.05781412675498, 0.0, -0.0]","[-1.1105627932790818, 0.0, 0.0]","[0.7719728131911971, 0.0, 0.0]",2.1872737177019985e-08,0.9833333333333333,False,0.00999986180181387,"[0.00999986180181387, 0.01000000460324826, 0.010000116995205218, 0.010000043865855245, 0.009999983151406499, 0.009999657380786207, 0.010000098602679012, 0.010000015541384721]",0.0,False,2.741813656892411e-06,4.494186567338687e-08
autodrag_0_-1,1,60,0,2.716666666666667,0.016666666666666607,"[0, 0, 0]","[-0.3933333158493042, -0.0, 0.0]","[-0.3863821029663086, -0.0, 0.0]","[-0.01299525797367096, -0.0, -5.0]","[-0.0, 0.0, -0.0]","[0.0, -0.0, -0.0]","[0.4170727729797378, 0.0, 0.0]","[0.41707396507263184, 0.0, 0.0]","[4.796336889266985, 0.0, 0.0]","[0.2776309393220071, 0.0, 0.0]","[0.0, 0.0, 0.0]","[27.764453531688744, 0.0, -0.0]","[0.2776309393220071, 0.0, 0.0]","[-0.38638208359037385, 0.0, 0.0]",1.9375934745546886e-08,0.9833333333333333,False,0.009999510309292968,"[0.009999510309292968, 0.0099998991848271, 0.010000095038853175, 0.010000166340193326, 0.010000143002223825, 0.010000009199286649, 0.009999695450477642, 0.010000035968373963]",0.0,False,1.1920928940090114e-06,1.9375934745546886e-08
autodrag_1_-1,1,60,0,2.8666666666666667,0.016666666666666607,"[0, 0, 0]","[0.0, -0.3933333158493042, 0.0]","[0.0, -0.3863821029663086, 0.0]","[0.0, -0.01299525797367096, -5.0]","[-0.0, 0.0, -0.0]","[0.0, -0.0, -0.0]","[0.0, 0.4170727729797378, 0.0]","[0.0, 0.41707396507263184, 0.0]","[0.0, 4.796336889266985, 0.0]","[0.0, 0.2776309393220071, 0.0]","[0.0, 0.0, 0.0]","[-0.0, 27.764453531688744, -0.0]","[0.0, 0.2776309393220071, 0.0]","[0.0, -0.38638208359037385, 0.0]",1.9375934745546886e-08,0.9833333333333333,False,0.009999510309292968,"[0.009999510309292968, 0.0099998991848271, 0.010000095038853175, 0.010000166340193326, 0.010000143002223825, 0.010000009199286381, 0.00999969545047791, 0.010000035968373963]",0.0,False,1.1920928940090114e-06,1.9375934745546886e-08
autodrag_1_1,1,60,0,3.0166666666666666,0.016666666666666607,"[0, 0, 0]","[0.0, 0.3933333158493042, 0.0]","[0.0, 0.3863821029663086, 0.0]","[0.0, 0.01299525797367096, -5.0]","[-0.0, 0.0, -0.0]","[0.0, -0.0, -0.0]","[0.0, -0.4170727729797378, 0.0]","[0.0, -0.41707396507263184, 0.0]","[0.0, -4.796336889266985, 0.0]","[0.0, -0.2776309393220071, 0.0]","[0.0, 0.0, 0.0]","[-0.0, -27.764453531688744, -0.0]","[0.0, -0.2776309393220071, 0.0]","[0.0, 0.38638208359037385, 0.0]",1.9375934745546886e-08,0.9833333333333333,False,0.009999510309292968,"[0.009999510309292968, 0.0099998991848271, 0.010000095038853175, 0.010000166340193059, 0.010000143002223825, 0.010000009199286649, 0.00999969545047791, 0.010000035968373963]",0.0,False,1.1920928940090114e-06,1.9375934745546886e-08
autodrag_2_-1,1,60,0,3.1666666666666665,0.016666666666666607,"[0, 0, 0]","[0.0, -0.0, -0.3933333158493042]","[0.0, -0.0, -0.3863821029663086]","[0.0, -0.0, -5.01299524307251]","[-0.0, 0.0, -0.0]","[0.0, -0.0, -0.0]","[0.0, 0.0, 0.4170727729797378]","[0.0, 0.0, 0.41707396507263184]","[0.0, 0.0, 4.796336889266985]","[0.0, 0.0, 0.2776309393220071]","[0.0, 0.0, 0.0]","[-0.0, 0.0, 27.764453531688744]","[0.0, 0.0, 0.2776309393220071]","[0.0, 0.0, -0.38638208359037385]",1.9375934745546886e-08,0.9833333333333333,False,0.009999510309292968,"[0.009999510309292968, 0.0099998991848271, 0.010000095038852906, 0.010000166340193326, 0.010000143002223825, 0.010000009199286649, 0.00999969545047791, 0.010000035968373963]",0.0,False,1.1920928940090114e-06,1.9375934745546886e-08
autodrag_2_1,1,60,0,3.316666666666667,0.01666666666666705,"[0, 0, 0]","[0.0, -0.0, 0.3933333158493042]","[0.0, -0.0, 0.3863821029663086]","[0.0, -0.0, -4.98700475692749]","[-0.0, 0.0, -0.0]","[0.0, -0.0, -0.0]","[0.0, 0.0, -0.41707277297972667]","[0.0, 0.0, -0.41707396507263184]","[0.0, 0.0, -4.796336889266857]","[0.0, 0.0, -0.2776309393219997]","[0.0, 0.0, 0.0]","[-0.0, 0.0, -27.764453531688744]","[0.0, 0.0, -0.2776309393219997]","[0.0, 0.0, 0.38638208359037385]",1.9375934745546886e-08,0.9833333333333333,False,0.009999510309292702,"[0.009999510309292702, 0.0099998991848271, 0.010000095038853175, 0.010000166340193326, 0.010000143002223825, 0.010000009199286649, 0.00999969545047791, 0.010000035968373963]",0.0,False,1.1920929051667528e-06,1.9375934745546886e-08
autodrag_yaw90_world_x,1,60,0,3.466666666666667,0.016666666666666607,"[0, 0, 0]","[0.3933333158493042, -0.0, 0.0]","[0.3863821029663086, -0.0, 0.0]","[0.01299525797367096, -3.3306689994292145e-18, -5.0]","[-0.0, 0.0, -0.0]","[0.0, -0.0, 90.00000762939453]","[-0.4170727729797378, 0.0, 0.0]","[-0.41707396507263184, 0.0, 0.0]","[-4.796336889266985, 0.0, 0.0]","[-0.2776309393220071, 0.0, 0.0]","[0.0, 0.0, 0.0]","[-27.764453531688744, 0.0, -0.0]","[-0.2776309393220071, 0.0, 0.0]","[0.38638208359037385, 0.0, 0.0]",1.9375934745546886e-08,0.9833333333333333,False,0.009999510309292968,"[0.009999510309292968, 0.0099998991848271, 0.010000095038853175, 0.010000166340193326, 0.010000143002223825, 0.010000009199286649, 0.009999695450477642, 0.010000035968373963]",0.0,False,1.1920928940090114e-06,1.9375934745546886e-08
neutral_zero,2,60,0,3.6166666666666667,0.016666666666666607,"[0, 0, 0]","[0.0, -0.0, 0.0]","[0.0, -0.0, 0.0]","[0.0, -0.0, -5.0]","[-0.0, 0.0, -0.0]","[0.0, -0.0, -0.0]","[0.0, 0.0, 0.0]","[0.0, 0.0, 0.0]","[0.0, 0.0, 0.0]","[0.0, 0.0, 0.0]","[0.0, 0.0, 0.0]","[-0.0, 0.0, -0.0]","[0.0, 0.0, 0.0]","[0.0, 0.0, 0.0]",0.0,0.9833333333333333,False,,"[null, null, null, null, null, null, null, null]",0.0,False,0.0,0.0
thrust_0_10N,2,60,0,3.7666666666666666,0.016666666666666607,"[0, 0, 0]","[0.0, -0.0, 0.0]","[0.014251207932829857, -0.0, 0.0]","[0.00023752014385536313, -0.0, -5.0]","[-0.0, 0.0, -0.0]","[0.0, -0.0, -0.0]","[0.8550724759697944, 0.0, 0.0]","[0.8550724387168884, 0.0, 0.0]","[9.833333473652635, 0.0, 0.0]","[10.000000142697598, 0.0, 0.0]","[10, 0.0, 0.0]","[-0.0, 0.0, -0.0]","[1.426975977381062e-07, 0.0, 0.0]","[0.014251207729468597, 0.0, 0.0]",2.0336126012321376e-10,0.9833333333333333,False,,"[null, 0.00997765044421566, 0.010005666798598177, 0.00999291622820596, 0.0100023592717864, 0.00999646029771951, 0.010000244561552815, 0.009999886215256954]",0.0,False,2.682209042648154e-07,4.2982438996919115e-09
gravity_air,2,60,0,3.9166666666666665,0.016666666666666607,"[0, 0, 0]","[0, 0, 0]","[0.0, -0.0, -0.1606111228466034]","[0.0, -0.0, 19.99732208251953]","[-0.0, 0.0, -0.0]","[0.0, -0.0, -0.0]","[0.0, -0.0, -9.636667370796237]","[0.0, 0.0, -9.636667251586914]","[0.0, -0.0, -110.82167476415673]","[0.0, -0.0, -112.70000823473568]","[0.0, 0.0, 0.0]","[0, 0, 0]","[0.0, -0.0, -8.234735673795512e-06]","[0.0, 0.0, -0.1606111111111111]",1.1735492300157802e-08,0.9833333333333333,False,,"[null, null, null, null, null, null, null, null]",0.0,False,5.722045868239434e-06,9.157922531422003e-08
autodrag_x_0.2,2,60,0,4.066666666666666,0.016666666666666607,"[0, 0, 0]","[0.1966666579246521, -0.0, 0.0]","[0.19328996539115906, -0.0, 0.0]","[0.006499277427792549, -0.0, -5.0]","[-0.0, 0.0, -0.0]","[0.0, -0.0, -0.0]","[-0.20260155200958324, 0.0, 0.0]","[-0.202601820230484, 0.0, 0.0]","[-2.3299178481102074, 0.0, 0.0]","[-0.06940808336612755, 0.0, 0.0]","[0.0, 0.0, 0.0]","[-6.941113382922186, 0.0, -0.0]","[-0.06940808336612755, 0.0, 0.0]","[0.19328996104388071, 0.0, 0.0]",4.3472783428644135e-09,0.9833333333333333,False,0.009999560522508995,"[0.009999560522508995, 0.009999180017206339, 0.010001162970904252, 0.009999982888140939, 0.009999530683877057, 0.010000704032478352, 0.009998912157878957, 0.010000271428831526]",0.0,False,6.556510932231863e-07,1.0734247102295313e-08
autodrag_x_0.4,2,60,0,4.216666666666667,0.016666666666666607,"[0, 0, 0]","[0.3933333158493042, -0.0, 0.0]","[0.3863821029663086, -0.0, 0.0]","[0.01299525797367096, -0.0, -5.0]","[-0.0, 0.0, -0.0]","[0.0, -0.0, -0.0]","[-0.4170727729797378, 0.0, 0.0]","[-0.41707396507263184, 0.0, 0.0]","[-4.796336889266985, 0.0, 0.0]","[-0.2776309393220071, 0.0, 0.0]","[0.0, 0.0, 0.0]","[-27.764453531688744, 0.0, -0.0]","[-0.2776309393220071, 0.0, 0.0]","[0.38638208359037385, 0.0, 0.0]",1.9375934745546886e-08,0.9833333333333333,False,0.009999510309292968,"[0.009999510309292968, 0.0099998991848271, 0.010000095038853175, 0.010000166340193326, 0.010000143002223825, 0.010000009199286649, 0.00999969545047791, 0.010000035968373963]",0.0,False,1.1920928940090114e-06,1.9375934745546886e-08
autodrag_x_0.8,2,60,0,4.366666666666666,0.016666666666666607,"[0, 0, 0]","[0.7866666316986084, -0.0, 0.0]","[0.7719728350639343, -0.0, 0.0]","[0.025977326557040215, -0.0, -5.0]","[-0.0, 0.0, -0.0]","[0.0, -0.0, -0.0]","[-0.8816277980804474, 0.0, 0.0]","[-0.8816291689872742, 0.0, 0.0]","[-10.138719677925145, 0.0, 0.0]","[-1.1105627932791113, 0.0, 0.0]","[0.0, 0.0, 0.0]","[-111.05781412675498, 0.0, -0.0]","[-1.1105627932791113, 0.0, 0.0]","[0.7719728131911971, 0.0, 0.0]",2.1872737177019985e-08,0.9833333333333333,False,0.009999861801814136,"[0.009999861801814136, 0.010000004603247728, 0.010000116995205218, 0.010000043865855245, 0.009999983151406499, 0.009999657380786207, 0.010000098602679012, 0.010000015541384721]",0.0,False,2.741813656892411e-06,4.494186567338687e-08
autodrag_0_-1,2,60,0,4.516666666666667,0.016666666666666607,"[0, 0, 0]","[-0.3933333158493042, -0.0, 0.0]","[-0.3863821029663086, -0.0, 0.0]","[-0.01299525797367096, -0.0, -5.0]","[-0.0, 0.0, -0.0]","[0.0, -0.0, -0.0]","[0.4170727729797378, 0.0, 0.0]","[0.41707396507263184, 0.0, 0.0]","[4.796336889266985, 0.0, 0.0]","[0.2776309393220071, 0.0, 0.0]","[0.0, 0.0, 0.0]","[27.764453531688744, 0.0, -0.0]","[0.2776309393220071, 0.0, 0.0]","[-0.38638208359037385, 0.0, 0.0]",1.9375934745546886e-08,0.9833333333333333,False,0.009999510309292968,"[0.009999510309292968, 0.0099998991848271, 0.010000095038853175, 0.010000166340193326, 0.010000143002223825, 0.010000009199286649, 0.00999969545047791, 0.010000035968373431]",0.0,False,1.1920928940090114e-06,1.9375934745546886e-08
autodrag_1_-1,2,60,0,4.666666666666667,0.016666666666666607,"[0, 0, 0]","[0.0, -0.3933333158493042, 0.0]","[0.0, -0.3863821029663086, 0.0]","[0.0, -0.01299525797367096, -5.0]","[-0.0, 0.0, -0.0]","[0.0, -0.0, -0.0]","[0.0, 0.4170727729797378, 0.0]","[0.0, 0.41707396507263184, 0.0]","[0.0, 4.796336889266985, 0.0]","[0.0, 0.2776309393220071, 0.0]","[0.0, 0.0, 0.0]","[-0.0, 27.764453531688744, -0.0]","[0.0, 0.2776309393220071, 0.0]","[0.0, -0.38638208359037385, 0.0]",1.9375934745546886e-08,0.9833333333333333,False,0.009999510309292968,"[0.009999510309292968, 0.0099998991848271, 0.010000095038853175, 0.010000166340193326, 0.010000143002223825, 0.010000009199286649, 0.00999969545047791, 0.010000035968373963]",0.0,False,1.1920928940090114e-06,1.9375934745546886e-08
autodrag_1_1,2,60,0,4.816666666666666,0.016666666666666607,"[0, 0, 0]","[0.0, 0.3933333158493042, 0.0]","[0.0, 0.3863821029663086, 0.0]","[0.0, 0.01299525797367096, -5.0]","[-0.0, 0.0, -0.0]","[0.0, -0.0, -0.0]","[0.0, -0.4170727729797378, 0.0]","[0.0, -0.41707396507263184, 0.0]","[0.0, -4.796336889266985, 0.0]","[0.0, -0.2776309393220071, 0.0]","[0.0, 0.0, 0.0]","[-0.0, -27.764453531688744, -0.0]","[0.0, -0.2776309393220071, 0.0]","[0.0, 0.38638208359037385, 0.0]",1.9375934745546886e-08,0.9833333333333333,False,0.009999510309292968,"[0.009999510309292968, 0.0099998991848271, 0.010000095038853175, 0.010000166340193326, 0.010000143002223292, 0.010000009199286649, 0.00999969545047791, 0.010000035968373963]",0.0,False,1.1920928940090114e-06,1.9375934745546886e-08
autodrag_2_-1,2,60,0,4.966666666666667,0.016666666666666607,"[0, 0, 0]","[0.0, -0.0, -0.3933333158493042]","[0.0, -0.0, -0.3863821029663086]","[0.0, -0.0, -5.01299524307251]","[-0.0, 0.0, -0.0]","[0.0, -0.0, -0.0]","[0.0, 0.0, 0.4170727729797378]","[0.0, 0.0, 0.41707396507263184]","[0.0, 0.0, 4.796336889266985]","[0.0, 0.0, 0.2776309393220071]","[0.0, 0.0, 0.0]","[-0.0, 0.0, 27.764453531688744]","[0.0, 0.0, 0.2776309393220071]","[0.0, 0.0, -0.38638208359037385]",1.9375934745546886e-08,0.9833333333333333,False,0.009999510309292968,"[0.009999510309292968, 0.0099998991848271, 0.010000095038853175, 0.010000166340193326, 0.010000143002223825, 0.010000009199286649, 0.00999969545047791, 0.010000035968373963]",0.0,False,1.1920928940090114e-06,1.9375934745546886e-08
autodrag_2_1,2,60,0,5.116666666666666,0.016666666666666607,"[0, 0, 0]","[0.0, -0.0, 0.3933333158493042]","[0.0, -0.0, 0.3863821029663086]","[0.0, -0.0, -4.98700475692749]","[-0.0, 0.0, -0.0]","[0.0, -0.0, -0.0]","[0.0, 0.0, -0.4170727729797378]","[0.0, 0.0, -0.41707396507263184]","[0.0, 0.0, -4.796336889266985]","[0.0, 0.0, -0.2776309393220071]","[0.0, 0.0, 0.0]","[-0.0, 0.0, -27.764453531688744]","[0.0, 0.0, -0.2776309393220071]","[0.0, 0.0, 0.38638208359037385]",1.9375934745546886e-08,0.9833333333333333,False,0.009999510309292968,"[0.009999510309292968, 0.009999899184826567, 0.010000095038853175, 0.010000166340193326, 0.010000143002223825, 0.010000009199286649, 0.00999969545047791, 0.010000035968373963]",0.0,False,1.1920928940090114e-06,1.9375934745546886e-08
autodrag_yaw90_world_x,2,60,0,5.266666666666667,0.016666666666666607,"[0, 0, 0]","[0.3933333158493042, -0.0, 0.0]","[0.3863821029663086, -0.0, 0.0]","[0.01299525797367096, -3.3306689994292145e-18, -5.0]","[-0.0, 0.0, -0.0]","[0.0, -0.0, 90.00000762939453]","[-0.4170727729797378, 0.0, 0.0]","[-0.41707396507263184, 0.0, 0.0]","[-4.796336889266985, 0.0, 0.0]","[-0.2776309393220071, 0.0, 0.0]","[0.0, 0.0, 0.0]","[-27.764453531688744, 0.0, -0.0]","[-0.2776309393220071, 0.0, 0.0]","[0.38638208359037385, 0.0, 0.0]",1.9375934745546886e-08,0.9833333333333333,False,0.009999510309292968,"[0.009999510309292968, 0.0099998991848271, 0.010000095038853175, 0.010000166340193326, 0.010000143002223825, 0.010000009199286649, 0.00999969545047791, 0.010000035968373431]",0.0,False,1.1920928940090114e-06,1.9375934745546886e-08
neutral_zero,0,100,0,0.01,0.01,"[0, 0, 0]","[0.0, -0.0, 0.0]","[0.0, -0.0, 0.0]","[0.0, -0.0, -5.0]","[-0.0, 0.0, -0.0]","[0.0, -0.0, -0.0]","[0.0, 0.0, 0.0]","[0.0, 0.0, 0.0]","[0.0, 0.0, 0.0]","[0.0, 0.0, 0.0]","[0.0, 0.0, 0.0]","[-0.0, 0.0, -0.0]","[0.0, 0.0, 0.0]","[0.0, 0.0, 0.0]",0.0,0.99,False,,"[null, null, null, null, null, null, null, null]",0.0,False,0.0,0.0
thrust_0_10N,0,100,0,0.1,0.010000000000000009,"[0, 0, 0]","[0.0, -0.0, 0.0]","[0.00860869511961937, -0.0, 0.0]","[8.608694770373404e-05, -0.0, -5.0]","[-0.0, 0.0, -0.0]","[0.0, -0.0, -0.0]","[0.8608695119619362, 0.0, 0.0]","[0.8608695268630981, 0.0, 0.0]","[9.899999387562266, 0.0, 0.0]","[9.999999381376027, 0.0, 0.0]","[10, 0.0, 0.0]","[-0.0, 0.0, -0.0]","[-6.186239733807497e-07, 0.0, 0.0]","[0.008608695652173913, 0.0, 0.0]",5.325545438666923e-10,0.99,False,,"[null, 0.010038694459769959, 0.010020519454932037, 0.009986717305502206, 0.010007285771058142, 0.009998857969449377, 0.009998348998248892, 0.010000295210489387]",0.0,False,1.5646219175824427e-07,1.341494013096245e-09
gravity_air,0,100,0,0.19,0.010000000000000009,"[0, 0, 0]","[0, 0, 0]","[0.0, -0.0, -0.09702000021934509]","[0.0, -0.0, 19.9990291595459]","[-0.0, 0.0, -0.0]","[0.0, -0.0, -0.0]","[0.0, -0.0, -9.7020000219345]","[0.0, 0.0, -9.702000617980957]","[0.0, -0.0, -111.57300025224676]","[0.0, -0.0, -112.7000002547947]","[0.0, 0.0, 0.0]","[0, 0, 0]","[0.0, -0.0, -2.547946991171557e-07]","[0.0, 0.0, -0.09702000000000001]",2.1934508376286743e-10,0.99,False,,"[null, null, null, null, null, null, null, null]",0.0,False,2.6226043612354033e-06,2.7637481747611048e-08
autodrag_x_0.2,0,100,0,0.28,0.010000000000000009,"[0, 0, 0]","[0.1979999989271164, -0.0, 0.0]","[0.1959594339132309, -0.0, 0.0]","[0.003939594142138958, -0.0, -5.0]","[-0.0, 0.0, -0.0]","[0.0, -0.0, -0.0]","[-0.2040565013885496, 0.0, 0.0]","[-0.20405669510364532, 0.0, 0.0]","[-2.3466497659683205, 0.0, 0.0]","[-0.070353311420683, 0.0, 0.0]","[0.0, 0.0, 0.0]","[-7.0355497637542825, 0.0, -0.0]","[-0.070353311420683, 0.0, 0.0]","[0.19595943203118335, 0.0, 0.0]",1.8820475455871843e-09,0.99,False,0.00999968926140341,"[0.00999968926140341, 0.010001557553071451, 0.009997725511477182, 0.010001382283382185, 0.010000247869825273, 0.00999994927374019, 0.00999829702318786, 0.010001416150526295]",0.0,False,1.3262033464189749e-06,1.3216784638947487e-08
autodrag_x_0.4,0,100,0,0.37,0.010000000000000009,"[0, 0, 0]","[0.3959999978542328, -0.0, 0.0]","[0.3917977213859558, -0.0, 0.0]","[0.007877976633608341, -0.0, -5.0]","[-0.0, 0.0, -0.0]","[0.0, -0.0, -0.0]","[-0.42022764682769737, 0.0, 0.0]","[-0.4202267527580261, 0.0, 0.0]","[-4.83261793851852, 0.0, 0.0]","[-0.2814322860553828, 0.0, 0.0]","[0.0, 0.0, 0.0]","[-28.14219905501713, 0.0, -0.0]","[-0.2814322860553828, 0.0, 0.0]","[0.3917977302490429, 0.0, 0.0]",8.863087097576994e-09,0.99,False,0.010000365838689127,"[0.010000365838689127, 0.009999952249915275, 0.01000010401882712, 0.009999920138270908, 0.009999742781560256, 0.009999942319827718, 0.00999952084793015, 0.010000231307918061]",0.0,False,1.0132789615147075e-06,1.0215361945231649e-08
autodrag_x_0.8,0,100,0,0.46,0.010000000000000009,"[0, 0, 0]","[0.7919999957084656, -0.0, 0.0]","[0.7831109166145325, -0.0, 0.0]","[0.015751108527183533, -0.0, -5.0]","[-0.0, 0.0, -0.0]","[0.0, -0.0, -0.0]","[-0.8889079093933098, 0.0, 0.0]","[-0.8889070749282837, 0.0, 0.0]","[-10.222440958023062, 0.0, 0.0]","[-1.1256979872482187, 0.0, 0.0]","[0.0, 0.0, 0.0]","[-112.56879622006852, 0.0, -0.0]","[-1.1256979872482187, 0.0, 0.0]","[0.7831109252447908, 0.0, 0.0]",8.630258285791115e-09,0.99,False,0.010000089057073275,"[0.010000089057073275, 0.009999616043159106, 0.01000035430125368, 0.010000090260844733, 0.009999733798278046, 0.010000286200525704, 0.010000029446391008, 0.00999993687175789]",0.0,False,3.635883327191003e-06,3.6377594936354285e-08
autodrag_0_-1,0,100,0,0.55,0.010000000000000009,"[0, 0, 0]","[-0.3959999978542328, -0.0, 0.0]","[-0.3917977213859558, -0.0, 0.0]","[-0.007877976633608341, -0.0, -5.0]","[-0.0, 0.0, -0.0]","[0.0, -0.0, -0.0]","[0.42022764682769737, 0.0, 0.0]","[0.4202267527580261, 0.0, 0.0]","[4.83261793851852, 0.0, 0.0]","[0.2814322860553828, 0.0, 0.0]","[0.0, 0.0, 0.0]","[28.14219905501713, 0.0, -0.0]","[0.2814322860553828, 0.0, 0.0]","[-0.3917977302490429, 0.0, 0.0]",8.863087097576994e-09,0.99,False,0.010000365838689127,"[0.010000365838689127, 0.009999952249915275, 0.01000010401882723, 0.009999920138270908, 0.009999742781560201, 0.009999942319827718, 0.00999952084793015, 0.010000231307918061]",0.0,False,1.0132789615147075e-06,1.0215361945231649e-08
autodrag_1_-1,0,100,0,0.64,0.010000000000000009,"[0, 0, 0]","[0.0, -0.3959999978542328, 0.0]","[0.0, -0.3917977213859558, 0.0]","[0.0, -0.007877976633608341, -5.0]","[-0.0, 0.0, -0.0]","[0.0, -0.0, -0.0]","[0.0, 0.42022764682769737, 0.0]","[0.0, 0.4202267527580261, 0.0]","[0.0, 4.83261793851852, 0.0]","[0.0, 0.2814322860553828, 0.0]","[0.0, 0.0, 0.0]","[-0.0, 28.14219905501713, -0.0]","[0.0, 0.2814322860553828, 0.0]","[0.0, -0.3917977302490429, 0.0]",8.863087097576994e-09,0.99,False,0.010000365838689127,"[0.010000365838689127, 0.009999952249915275, 0.01000010401882712, 0.009999920138270908, 0.009999742781560201, 0.009999942319827829, 0.00999952084793015, 0.010000231307918061]",0.0,False,1.0132789615147075e-06,1.0215361945231649e-08
autodrag_1_1,0,100,0,0.73,0.010000000000000009,"[0, 0, 0]","[0.0, 0.3959999978542328, 0.0]","[0.0, 0.3917977213859558, 0.0]","[0.0, 0.007877976633608341, -5.0]","[-0.0, 0.0, -0.0]","[0.0, -0.0, -0.0]","[0.0, -0.42022764682769737, 0.0]","[0.0, -0.4202267527580261, 0.0]","[0.0, -4.83261793851852, 0.0]","[0.0, -0.2814322860553828, 0.0]","[0.0, 0.0, 0.0]","[-0.0, -28.14219905501713, -0.0]","[0.0, -0.2814322860553828, 0.0]","[0.0, 0.3917977302490429, 0.0]",8.863087097576994e-09,0.99,False,0.010000365838689127,"[0.010000365838689127, 0.009999952249915275, 0.01000010401882712, 0.009999920138270908, 0.009999742781560201, 0.009999942319827718, 0.00999952084793015, 0.010000231307918061]",0.0,False,1.0132789615147075e-06,1.0215361945231649e-08
autodrag_2_-1,0,100,0,0.82,0.009999999999999898,"[0, 0, 0]","[0.0, -0.0, -0.3959999978542328]","[0.0, -0.0, -0.3917977213859558]","[0.0, -0.0, -5.007877826690674]","[-0.0, 0.0, -0.0]","[0.0, -0.0, -0.0]","[0.0, 0.0, 0.42022764682770203]","[0.0, 0.0, 0.4202267527580261]","[0.0, 0.0, 4.832617938518573]","[0.0, 0.0, 0.28143228605538595]","[0.0, 0.0, 0.0]","[-0.0, 0.0, 28.14219905501713]","[0.0, 0.0, 0.28143228605538595]","[0.0, 0.0, -0.3917977302490429]",8.863087097576994e-09,0.99,False,0.01000036583868924,"[0.01000036583868924, 0.009999952249915275, 0.01000010401882712, 0.009999920138270908, 0.009999742781560201, 0.009999942319827718, 0.00999952084793015, 0.010000231307918061]",0.0,False,1.0132789615147075e-06,1.0215361945231649e-08
autodrag_2_1,0,100,0,0.91,0.010000000000000009,"[0, 0, 0]","[0.0, -0.0, 0.3959999978542328]","[0.0, -0.0, 0.3917977213859558]","[0.0, -0.0, -4.992121696472168]","[-0.0, 0.0, -0.0]","[0.0, -0.0, -0.0]","[0.0, 0.0, -0.42022764682769737]","[0.0, 0.0, -0.4202267527580261]","[0.0, 0.0, -4.83261793851852]","[0.0, 0.0, -0.2814322860553828]","[0.0, 0.0, 0.0]","[-0.0, 0.0, -28.14219905501713]","[0.0, 0.0, -0.2814322860553828]","[0.0, 0.0, 0.3917977302490429]",8.863087097576994e-09,0.99,False,0.010000365838689127,"[0.010000365838689127, 0.009999952249915275, 0.01000010401882712, 0.009999920138271019, 0.009999742781560201, 0.009999942319827718, 0.00999952084793015, 0.010000231307918061]",0.0,False,1.0132789615147075e-06,1.0215361945231649e-08
autodrag_yaw90_world_x,0,100,0,1.0,0.010000000000000009,"[0, 0, 0]","[0.3959999978542328, -0.0, 0.0]","[0.3917977213859558, -0.0, 0.0]","[0.007877976633608341, -3.3306689994292145e-18, -5.0]","[-0.0, 0.0, -0.0]","[0.0, -0.0, 90.00000762939453]","[-0.42022764682769737, 0.0, 0.0]","[-0.4202267527580261, 0.0, 0.0]","[-4.83261793851852, 0.0, 0.0]","[-0.2814322860553828, 0.0, 0.0]","[0.0, 0.0, 0.0]","[-28.14219905501713, 0.0, -0.0]","[-0.2814322860553828, 0.0, 0.0]","[0.3917977302490429, 0.0, 0.0]",8.863087097576994e-09,0.99,False,0.010000365838689127,"[0.010000365838689127, 0.009999952249915275, 0.01000010401882712, 0.009999920138270908, 0.009999742781560201, 0.009999942319827718, 0.00999952084793015, 0.010000231307918061]",0.0,False,1.0132789615147075e-06,1.0215361945231649e-08
neutral_zero,1,100,0,1.09,0.010000000000000009,"[0, 0, 0]","[0.0, -0.0, 0.0]","[0.0, -0.0, 0.0]","[0.0, -0.0, -5.0]","[-0.0, 0.0, -0.0]","[0.0, -0.0, -0.0]","[0.0, 0.0, 0.0]","[0.0, 0.0, 0.0]","[0.0, 0.0, 0.0]","[0.0, 0.0, 0.0]","[0.0, 0.0, 0.0]","[-0.0, 0.0, -0.0]","[0.0, 0.0, 0.0]","[0.0, 0.0, 0.0]",0.0,0.99,False,,"[null, null, null, null, null, null, null, null]",0.0,False,0.0,0.0
thrust_0_10N,1,100,0,1.18,0.010000000000000009,"[0, 0, 0]","[0.0, -0.0, 0.0]","[0.00860869511961937, -0.0, 0.0]","[8.608694770373404e-05, -0.0, -5.0]","[-0.0, 0.0, -0.0]","[0.0, -0.0, -0.0]","[0.8608695119619362, 0.0, 0.0]","[0.8608695268630981, 0.0, 0.0]","[9.899999387562266, 0.0, 0.0]","[9.999999381376027, 0.0, 0.0]","[10, 0.0, 0.0]","[-0.0, 0.0, -0.0]","[-6.186239733807497e-07, 0.0, 0.0]","[0.008608695652173913, 0.0, 0.0]",5.325545438666923e-10,0.99,False,,"[null, 0.010038694460838469, 0.01002051945520186, 0.009986717305502206, 0.010007285771058142, 0.0099988579695328, 0.009998348998248892, 0.010000295210489387]",0.0,False,1.5646219175824427e-07,1.341494013096245e-09
gravity_air,1,100,0,1.27,0.010000000000000009,"[0, 0, 0]","[0, 0, 0]","[0.0, -0.0, -0.09702000021934509]","[0.0, -0.0, 19.9990291595459]","[-0.0, 0.0, -0.0]","[0.0, -0.0, -0.0]","[0.0, -0.0, -9.7020000219345]","[0.0, 0.0, -9.702000617980957]","[0.0, -0.0, -111.57300025224676]","[0.0, -0.0, -112.7000002547947]","[0.0, 0.0, 0.0]","[0, 0, 0]","[0.0, -0.0, -2.547946991171557e-07]","[0.0, 0.0, -0.09702000000000001]",2.1934508376286743e-10,0.99,False,,"[null, null, null, null, null, null, null, null]",0.0,False,2.6226043612354033e-06,2.7637481747611048e-08
autodrag_x_0.2,1,100,0,1.36,0.010000000000000009,"[0, 0, 0]","[0.1979999989271164, -0.0, 0.0]","[0.1959594339132309, -0.0, 0.0]","[0.003939594142138958, -0.0, -5.0]","[-0.0, 0.0, -0.0]","[0.0, -0.0, -0.0]","[-0.2040565013885496, 0.0, 0.0]","[-0.20405669510364532, 0.0, 0.0]","[-2.3466497659683205, 0.0, 0.0]","[-0.070353311420683, 0.0, 0.0]","[0.0, 0.0, 0.0]","[-7.0355497637542825, 0.0, -0.0]","[-0.070353311420683, 0.0, 0.0]","[0.19595943203118335, 0.0, 0.0]",1.8820475455871843e-09,0.99,False,0.00999968926140341,"[0.00999968926140341, 0.010001557553071397, 0.009997725511477405, 0.010001382283382185, 0.010000247869825273, 0.00999994927374019, 0.00999829702318786, 0.010001416150526238]",0.0,False,1.3262033420058383e-06,1.3216784638947487e-08
autodrag_x_0.4,1,100,0,1.45,0.010000000000000009,"[0, 0, 0]","[0.3959999978542328, -0.0, 0.0]","[0.3917977213859558, -0.0, 0.0]","[0.007877976633608341, -0.0, -5.0]","[-0.0, 0.0, -0.0]","[0.0, -0.0, -0.0]","[-0.42022764682769737, 0.0, 0.0]","[-0.4202267527580261, 0.0, 0.0]","[-4.83261793851852, 0.0, 0.0]","[-0.2814322860553828, 0.0, 0.0]","[0.0, 0.0, 0.0]","[-28.14219905501713, 0.0, -0.0]","[-0.2814322860553828, 0.0, 0.0]","[0.3917977302490429, 0.0, 0.0]",8.863087097576994e-09,0.99,False,0.010000365838689127,"[0.010000365838689127, 0.009999952249915275, 0.01000010401882712, 0.009999920138270908, 0.009999742781560201, 0.009999942319827718, 0.00999952084793015, 0.010000231307918061]",0.0,False,1.0132789615147075e-06,1.0215361945231649e-08
autodrag_x_0.8,1,100,0,1.54,0.010000000000000009,"[0, 0, 0]","[0.7919999957084656, -0.0, 0.0]","[0.7831109166145325, -0.0, 0.0]","[0.015751108527183533, -0.0, -5.0]","[-0.0, 0.0, -0.0]","[0.0, -0.0, -0.0]","[-0.8889079093933098, 0.0, 0.0]","[-0.8889070749282837, 0.0, 0.0]","[-10.222440958023062, 0.0, 0.0]","[-1.1256979872482187, 0.0, 0.0]","[0.0, 0.0, 0.0]","[-112.56879622006852, 0.0, -0.0]","[-1.1256979872482187, 0.0, 0.0]","[0.7831109252447908, 0.0, 0.0]",8.630258285791115e-09,0.99,False,0.010000089057073275,"[0.010000089057073275, 0.009999616043159052, 0.01000035430125368, 0.010000090260844733, 0.009999733798278046, 0.010000286200525704, 0.010000029446391008, 0.00999993687175789]",0.0,False,3.6358833320759842e-06,3.6377594936354285e-08
autodrag_0_-1,1,100,0,1.63,0.009999999999999787,"[0, 0, 0]","[-0.3959999978542328, -0.0, 0.0]","[-0.3917977213859558, -0.0, 0.0]","[-0.007877976633608341, -0.0, -5.0]","[-0.0, 0.0, -0.0]","[0.0, -0.0, -0.0]","[0.4202276468277067, 0.0, 0.0]","[0.4202267527580261, 0.0, 0.0]","[4.832617938518627, 0.0, 0.0]","[0.28143228605538906, 0.0, 0.0]","[0.0, 0.0, 0.0]","[28.14219905501713, 0.0, -0.0]","[0.28143228605538906, 0.0, 0.0]","[-0.3917977302490429, 0.0, 0.0]",8.863087097576994e-09,0.99,False,0.010000365838689351,"[0.010000365838689351, 0.009999952249915275, 0.01000010401882712, 0.009999920138270908, 0.009999742781560201, 0.009999942319827718, 0.00999952084793015, 0.010000231307918061]",0.0,False,1.0132789615147075e-06,1.0215361945231649e-08
autodrag_1_-1,1,100,0,1.72,0.010000000000000009,"[0, 0, 0]","[0.0, -0.3959999978542328, 0.0]","[0.0, -0.3917977213859558, 0.0]","[0.0, -0.007877976633608341, -5.0]","[-0.0, 0.0, -0.0]","[0.0, -0.0, -0.0]","[0.0, 0.42022764682769737, 0.0]","[0.0, 0.4202267527580261, 0.0]","[0.0, 4.83261793851852, 0.0]","[0.0, 0.2814322860553828, 0.0]","[0.0, 0.0, 0.0]","[-0.0, 28.14219905501713, -0.0]","[0.0, 0.2814322860553828, 0.0]","[0.0, -0.3917977302490429, 0.0]",8.863087097576994e-09,0.99,False,0.010000365838689127,"[0.010000365838689127, 0.009999952249915275, 0.01000010401882712, 0.009999920138270908, 0.009999742781560201, 0.009999942319827718, 0.00999952084793015, 0.010000231307918061]",0.0,False,1.0132789615147075e-06,1.0215361945231649e-08
autodrag_1_1,1,100,0,1.81,0.010000000000000009,"[0, 0, 0]","[0.0, 0.3959999978542328, 0.0]","[0.0, 0.3917977213859558, 0.0]","[0.0, 0.007877976633608341, -5.0]","[-0.0, 0.0, -0.0]","[0.0, -0.0, -0.0]","[0.0, -0.42022764682769737, 0.0]","[0.0, -0.4202267527580261, 0.0]","[0.0, -4.83261793851852, 0.0]","[0.0, -0.2814322860553828, 0.0]","[0.0, 0.0, 0.0]","[-0.0, -28.14219905501713, -0.0]","[0.0, -0.2814322860553828, 0.0]","[0.0, 0.3917977302490429, 0.0]",8.863087097576994e-09,0.99,False,0.010000365838689127,"[0.010000365838689127, 0.009999952249915275, 0.01000010401882712, 0.009999920138270908, 0.009999742781560201, 0.009999942319827718, 0.00999952084793015, 0.010000231307918283]",0.0,False,1.0132789615147075e-06,1.0215361945231649e-08
autodrag_2_-1,1,100,0,1.9,0.010000000000000009,"[0, 0, 0]","[0.0, -0.0, -0.3959999978542328]","[0.0, -0.0, -0.3917977213859558]","[0.0, -0.0, -5.007877826690674]","[-0.0, 0.0, -0.0]","[0.0, -0.0, -0.0]","[0.0, 0.0, 0.42022764682769737]","[0.0, 0.0, 0.4202267527580261]","[0.0, 0.0, 4.83261793851852]","[0.0, 0.0, 0.2814322860553828]","[0.0, 0.0, 0.0]","[-0.0, 0.0, 28.14219905501713]","[0.0, 0.0, 0.2814322860553828]","[0.0, 0.0, -0.3917977302490429]",8.863087097576994e-09,0.99,False,0.010000365838689127,"[0.010000365838689127, 0.009999952249915275, 0.01000010401882712, 0.009999920138270908, 0.009999742781560201, 0.009999942319827718, 0.00999952084793015, 0.010000231307918061]",0.0,False,1.0132789615147075e-06,1.0215361945231649e-08
autodrag_2_1,1,100,0,1.99,0.010000000000000009,"[0, 0, 0]","[0.0, -0.0, 0.3959999978542328]","[0.0, -0.0, 0.3917977213859558]","[0.0, -0.0, -4.992121696472168]","[-0.0, 0.0, -0.0]","[0.0, -0.0, -0.0]","[0.0, 0.0, -0.42022764682769737]","[0.0, 0.0, -0.4202267527580261]","[0.0, 0.0, -4.83261793851852]","[0.0, 0.0, -0.2814322860553828]","[0.0, 0.0, 0.0]","[-0.0, 0.0, -28.14219905501713]","[0.0, 0.0, -0.2814322860553828]","[0.0, 0.0, 0.3917977302490429]",8.863087097576994e-09,0.99,False,0.010000365838689127,"[0.010000365838689127, 0.009999952249915275, 0.010000104018827342, 0.009999920138270684, 0.009999742781560421, 0.009999942319827496, 0.009999520847930371, 0.010000231307917839]",0.0,False,1.0132789527994568e-06,1.0215361945231649e-08
autodrag_yaw90_world_x,1,100,0,2.08,0.010000000000000231,"[0, 0, 0]","[0.3959999978542328, -0.0, 0.0]","[0.3917977213859558, -0.0, 0.0]","[0.007877976633608341, -3.3306689994292145e-18, -5.0]","[-0.0, 0.0, -0.0]","[0.0, -0.0, 90.00000762939453]","[-0.42022764682768804, 0.0, 0.0]","[-0.4202267527580261, 0.0, 0.0]","[-4.832617938518412, 0.0, 0.0]","[-0.28143228605537657, 0.0, 0.0]","[0.0, 0.0, 0.0]","[-28.14219905501713, 0.0, -0.0]","[-0.28143228605537657, 0.0, 0.0]","[0.3917977302490429, 0.0, 0.0]",8.863087097576994e-09,0.99,False,0.010000365838688907,"[0.010000365838688907, 0.009999952249915496, 0.010000104018826896, 0.00999992013827113, 0.009999742781559979, 0.00999994231982794, 0.009999520847929927, 0.010000231307918283]",0.0,False,1.0132789702299583e-06,1.0215361945231649e-08
neutral_zero,2,100,0,2.17,0.009999999999999787,"[0, 0, 0]","[0.0, -0.0, 0.0]","[0.0, -0.0, 0.0]","[0.0, -0.0, -5.0]","[-0.0, 0.0, -0.0]","[0.0, -0.0, -0.0]","[0.0, 0.0, 0.0]","[0.0, 0.0, 0.0]","[0.0, 0.0, 0.0]","[0.0, 0.0, 0.0]","[0.0, 0.0, 0.0]","[-0.0, 0.0, -0.0]","[0.0, 0.0, 0.0]","[0.0, 0.0, 0.0]",0.0,0.99,False,,"[null, null, null, null, null, null, null, null]",0.0,False,0.0,0.0
thrust_0_10N,2,100,0,2.26,0.009999999999999787,"[0, 0, 0]","[0.0, -0.0, 0.0]","[0.00860869511961937, -0.0, 0.0]","[8.608694770373404e-05, -0.0, -5.0]","[-0.0, 0.0, -0.0]","[0.0, -0.0, -0.0]","[0.8608695119619553, 0.0, 0.0]","[0.8608695268630981, 0.0, 0.0]","[9.899999387562486, 0.0, 0.0]","[9.999999381376247, 0.0, 0.0]","[10, 0.0, 0.0]","[-0.0, 0.0, -0.0]","[-6.186237531125016e-07, 0.0, 0.0]","[0.008608695652173913, 0.0, 0.0]",5.325545438666923e-10,0.99,False,,"[null, 0.010038694477533909, 0.010020519450985888, 0.009986717307394876, 0.010007285769982773, 0.009998857970227981, 0.009998348997761258, 0.010000295210851266]",0.0,False,1.5646217321751976e-07,1.341494013096245e-09
gravity_air,2,100,0,2.35,0.010000000000000231,"[0, 0, 0]","[0, 0, 0]","[0.0, -0.0, -0.09702000021934509]","[0.0, -0.0, 19.9990291595459]","[-0.0, 0.0, -0.0]","[0.0, -0.0, -0.0]","[0.0, -0.0, -9.702000021934285]","[0.0, 0.0, -9.702000617980957]","[0.0, -0.0, -111.57300025224428]","[0.0, -0.0, -112.7000002547922]","[0.0, 0.0, 0.0]","[0, 0, 0]","[0.0, -0.0, -2.547921980067258e-07]","[0.0, 0.0, -0.09702000000000001]",2.1934508376286743e-10,0.99,False,,"[null, null, null, null, null, null, null, null]",0.0,False,2.622604563740083e-06,2.7637481747611048e-08
autodrag_x_0.2,2,100,0,2.44,0.009999999999999787,"[0, 0, 0]","[0.1979999989271164, -0.0, 0.0]","[0.1959594339132309, -0.0, 0.0]","[0.003939594142138958, -0.0, -5.0]","[-0.0, 0.0, -0.0]","[0.0, -0.0, -0.0]","[-0.20405650138855416, 0.0, 0.0]","[-0.20405669510364532, 0.0, 0.0]","[-2.346649765968373, 0.0, 0.0]","[-0.07035331142068457, 0.0, 0.0]","[0.0, 0.0, 0.0]","[-7.0355497637542825, 0.0, -0.0]","[-0.07035331142068457, 0.0, 0.0]","[0.19595943203118335, 0.0, 0.0]",1.8820475455871843e-09,0.99,False,0.009999689261403634,"[0.009999689261403634, 0.010001557553071173, 0.009997725511477405, 0.010001382283381963, 0.010000247869825493, 0.009999949273739966, 0.00999829702318808, 0.01000141615052646]",0.0,False,1.3262033420058383e-06,1.3216784638947487e-08
autodrag_x_0.4,2,100,0,2.53,0.009999999999999787,"[0, 0, 0]","[0.3959999978542328, -0.0, 0.0]","[0.3917977213859558, -0.0, 0.0]","[0.007877976633608341, -0.0, -5.0]","[-0.0, 0.0, -0.0]","[0.0, -0.0, -0.0]","[-0.4202276468277067, 0.0, 0.0]","[-0.4202267527580261, 0.0, 0.0]","[-4.832617938518627, 0.0, 0.0]","[-0.28143228605538906, 0.0, 0.0]","[0.0, 0.0, 0.0]","[-28.14219905501713, 0.0, -0.0]","[-0.28143228605538906, 0.0, 0.0]","[0.3917977302490429, 0.0, 0.0]",8.863087097576994e-09,0.99,False,0.010000365838689351,"[0.010000365838689351, 0.009999952249915052, 0.010000104018827342, 0.009999920138270684, 0.009999742781560421, 0.009999942319827496, 0.009999520847930371, 0.010000231307917839]",0.0,False,1.0132789527994568e-06,1.0215361945231649e-08
autodrag_x_0.8,2,100,0,2.62,0.010000000000000231,"[0, 0, 0]","[0.7919999957084656, -0.0, 0.0]","[0.7831109166145325, -0.0, 0.0]","[0.015751108527183533, -0.0, -5.0]","[-0.0, 0.0, -0.0]","[0.0, -0.0, -0.0]","[-0.88890790939329, 0.0, 0.0]","[-0.8889070749282837, 0.0, 0.0]","[-10.222440958022835, 0.0, 0.0]","[-1.1256979872481938, 0.0, 0.0]","[0.0, 0.0, 0.0]","[-112.56879622006852, 0.0, -0.0]","[-1.1256979872481938, 0.0, 0.0]","[0.7831109252447908, 0.0, 0.0]",8.630258285791115e-09,0.99,False,0.010000089057073053,"[0.010000089057073053, 0.009999616043159274, 0.010000354301253457, 0.010000090260844955, 0.009999733798277824, 0.010000286200525928, 0.010000029446390784, 0.009999936871758113]",0.0,False,3.635883312536059e-06,3.6377594936354285e-08
autodrag_0_-1,2,100,0,2.71,0.009999999999999787,"[0, 0, 0]","[-0.3959999978542328, -0.0, 0.0]","[-0.3917977213859558, -0.0, 0.0]","[-0.007877976633608341, -0.0, -5.0]","[-0.0, 0.0, -0.0]","[0.0, -0.0, -0.0]","[0.4202276468277067, 0.0, 0.0]","[0.4202267527580261, 0.0, 0.0]","[4.832617938518627, 0.0, 0.0]","[0.28143228605538906, 0.0, 0.0]","[0.0, 0.0, 0.0]","[28.14219905501713, 0.0, -0.0]","[0.28143228605538906, 0.0, 0.0]","[-0.3917977302490429, 0.0, 0.0]",8.863087097576994e-09,0.99,False,0.010000365838689351,"[0.010000365838689351, 0.009999952249915052, 0.010000104018827342, 0.009999920138270684, 0.009999742781560421, 0.00999994231982794, 0.009999520847929927, 0.010000231307918283]",0.0,False,1.0132789702299583e-06,1.0215361945231649e-08
autodrag_1_-1,2,100,0,2.8,0.009999999999999787,"[0, 0, 0]","[0.0, -0.3959999978542328, 0.0]","[0.0, -0.3917977213859558, 0.0]","[0.0, -0.007877976633608341, -5.0]","[-0.0, 0.0, -0.0]","[0.0, -0.0, -0.0]","[0.0, 0.4202276468277067, 0.0]","[0.0, 0.4202267527580261, 0.0]","[0.0, 4.832617938518627, 0.0]","[0.0, 0.28143228605538906, 0.0]","[0.0, 0.0, 0.0]","[-0.0, 28.14219905501713, -0.0]","[0.0, 0.28143228605538906, 0.0]","[0.0, -0.3917977302490429, 0.0]",8.863087097576994e-09,0.99,False,0.010000365838689351,"[0.010000365838689351, 0.009999952249915052, 0.010000104018827342, 0.009999920138270684, 0.009999742781560421, 0.009999942319827496, 0.009999520847930371, 0.010000231307917839]",0.0,False,1.0132789527994568e-06,1.0215361945231649e-08
autodrag_1_1,2,100,0,2.89,0.010000000000000231,"[0, 0, 0]","[0.0, 0.3959999978542328, 0.0]","[0.0, 0.3917977213859558, 0.0]","[0.0, 0.007877976633608341, -5.0]","[-0.0, 0.0, -0.0]","[0.0, -0.0, -0.0]","[0.0, -0.42022764682768804, 0.0]","[0.0, -0.4202267527580261, 0.0]","[0.0, -4.832617938518412, 0.0]","[0.0, -0.28143228605537657, 0.0]","[0.0, 0.0, 0.0]","[-0.0, -28.14219905501713, -0.0]","[0.0, -0.28143228605537657, 0.0]","[0.0, 0.3917977302490429, 0.0]",8.863087097576994e-09,0.99,False,0.010000365838688907,"[0.010000365838688907, 0.009999952249915496, 0.010000104018826896, 0.00999992013827113, 0.009999742781559979, 0.00999994231982794, 0.009999520847929927, 0.010000231307918283]",0.0,False,1.0132789702299583e-06,1.0215361945231649e-08
autodrag_2_-1,2,100,0,2.98,0.009999999999999787,"[0, 0, 0]","[0.0, -0.0, -0.3959999978542328]","[0.0, -0.0, -0.3917977213859558]","[0.0, -0.0, -5.007877826690674]","[-0.0, 0.0, -0.0]","[0.0, -0.0, -0.0]","[0.0, 0.0, 0.4202276468277067]","[0.0, 0.0, 0.4202267527580261]","[0.0, 0.0, 4.832617938518627]","[0.0, 0.0, 0.28143228605538906]","[0.0, 0.0, 0.0]","[-0.0, 0.0, 28.14219905501713]","[0.0, 0.0, 0.28143228605538906]","[0.0, 0.0, -0.3917977302490429]",8.863087097576994e-09,0.99,False,0.010000365838689351,"[0.010000365838689351, 0.009999952249915052, 0.010000104018827342, 0.00999992013827113, 0.009999742781559979, 0.00999994231982794, 0.009999520847929927, 0.010000231307918283]",0.0,False,1.0132789702299583e-06,1.0215361945231649e-08
autodrag_2_1,2,100,0,3.07,0.009999999999999787,"[0, 0, 0]","[0.0, -0.0, 0.3959999978542328]","[0.0, -0.0, 0.3917977213859558]","[0.0, -0.0, -4.992121696472168]","[-0.0, 0.0, -0.0]","[0.0, -0.0, -0.0]","[0.0, 0.0, -0.4202276468277067]","[0.0, 0.0, -0.4202267527580261]","[0.0, 0.0, -4.832617938518627]","[0.0, 0.0, -0.28143228605538906]","[0.0, 0.0, 0.0]","[-0.0, 0.0, -28.14219905501713]","[0.0, 0.0, -0.28143228605538906]","[0.0, 0.0, 0.3917977302490429]",8.863087097576994e-09,0.99,False,0.010000365838689351,"[0.010000365838689351, 0.009999952249915052, 0.010000104018827342, 0.009999920138270684, 0.009999742781560421, 0.009999942319827496, 0.009999520847930371, 0.010000231307917839]",0.0,False,1.0132789527994568e-06,1.0215361945231649e-08
autodrag_yaw90_world_x,2,100,0,3.16,0.010000000000000231,"[0, 0, 0]","[0.3959999978542328, -0.0, 0.0]","[0.3917977213859558, -0.0, 0.0]","[0.007877976633608341, -3.3306689994292145e-18, -5.0]","[-0.0, 0.0, -0.0]","[0.0, -0.0, 90.00000762939453]","[-0.42022764682768804, 0.0, 0.0]","[-0.4202267527580261, 0.0, 0.0]","[-4.832617938518412, 0.0, 0.0]","[-0.28143228605537657, 0.0, 0.0]","[0.0, 0.0, 0.0]","[-28.14219905501713, 0.0, -0.0]","[-0.28143228605537657, 0.0, 0.0]","[0.3917977302490429, 0.0, 0.0]",8.863087097576994e-09,0.99,False,0.010000365838688907,"[0.010000365838688907, 0.009999952249915496, 0.010000104018826896, 0.00999992013827113, 0.009999742781559979, 0.00999994231982794, 0.009999520847929927, 0.010000231307918283]",0.0,False,1.0132789702299583e-06,1.0215361945231649e-08
neutral_zero,0,200,0,0.005,0.005,"[0, 0, 0]","[0.0, -0.0, 0.0]","[0.0, -0.0, 0.0]","[0.0, -0.0, -5.0]","[-0.0, 0.0, -0.0]","[0.0, -0.0, -0.0]","[0.0, 0.0, 0.0]","[0.0, 0.0, 0.0]","[0.0, 0.0, 0.0]","[0.0, 0.0, 0.0]","[0.0, 0.0, 0.0]","[-0.0, 0.0, -0.0]","[0.0, 0.0, 0.0]","[0.0, 0.0, 0.0]",0.0,0.995,False,,"[null, null, null, null, null, null, null, null]",0.0,False,0.0,0.0
thrust_0_10N,0,200,0,0.05,0.0050000000000000044,"[0, 0, 0]","[0.0, -0.0, 0.0]","[0.0043260869570076466, -0.0, 0.0]","[2.1630432456731796e-05, -0.0, -5.0]","[-0.0, 0.0, -0.0]","[0.0, -0.0, -0.0]","[0.8652173914015285, 0.0, 0.0]","[0.865217387676239, 0.0, 0.0]","[9.950000001117578, 0.0, 0.0]","[10.000000001123194, 0.0, 0.0]","[10, 0.0, 0.0]","[-0.0, 0.0, -0.0]","[1.1231939822664572e-09, 0.0, 0.0]","[0.004326086956521739, 0.0, 0.0]",4.859073213236975e-13,0.995,False,,"[null, 0.010574287995874386, 0.009937546255387515, 0.010012591233778956, 0.010005149386906852, 0.01001287211210832, 0.010005422385797548, 0.009994033737348643]",0.0,False,1.3038516000207778e-07,8.344169868945706e-10
gravity_air,0,200,0,0.095,0.0050000000000000044,"[0, 0, 0]","[0, 0, 0]","[0.0, -0.0, -0.04875500127673149]","[0.0, -0.0, 19.999755859375]","[-0.0, 0.0, -0.0]","[0.0, -0.0, -0.0]","[0.0, -0.0, -9.75100025534629]","[0.0, 0.0, -9.75100040435791]","[0.0, -0.0, -112.13650293648233]","[0.0, -0.0, -112.70000295123853]","[0.0, 0.0, 0.0]","[0, 0, 0]","[0.0, -0.0, -2.9512385282259856e-06]","[0.0, 0.0, -0.048755]",1.276731491361982e-09,0.995,False,,"[null, null, null, null, null, null, null, null]",0.0,False,2.6226043789989717e-06,1.103699209803466e-08
autodrag_x_0.2,0,200,0,0.14,0.0050000000000000044,"[0, 0, 0]","[0.19900000095367432, -0.0, 0.0]","[0.19797424972057343, -0.0, 0.0]","[0.0019848712254315615, -0.0, -5.0]","[-0.0, 0.0, -0.0]","[0.0, -0.0, -0.0]","[-0.20515024662017803, 0.0, 0.0]","[-0.20514892041683197, 0.0, 0.0]","[-2.3592278361320473, 0.0, 0.0]","[-0.07108324137166659, 0.0, 0.0]","[0.0, 0.0, 0.0]","[-7.1067955281162645, 0.0, -0.0]","[-0.07108324137166659, 0.0, 0.0]","[0.1979742563334691, 0.0, 0.0]",6.612895675495167e-09,0.995,False,0.010002150911820027,"[0.010002150911820027, 0.009999235984253738, 0.010000953106692505, 0.009997537078114557, 0.009998965441124828, 0.010000376336916389, 0.010001832065971808, 0.009998187184183178]",0.0,False,1.4752149583574514e-06,7.341006413863482e-09
autodrag_x_0.4,0,200,0,0.185,0.0050000000000000044,"[0, 0, 0]","[0.39800000190734863, -0.0, 0.0]","[0.39588701725006104, -0.0, 0.0]","[0.0039694351144135, -0.0, -5.0]","[-0.0, 0.0, -0.0]","[0.0, -0.0, -0.0]","[-0.42259693145751914, 0.0, 0.0]","[-0.42259567975997925, 0.0, 0.0]","[-4.85986471176147, 0.0, 0.0]","[-0.2842861204291555, 0.0, 0.0]","[0.0, 0.0, 0.0]","[-28.427182112465058, 0.0, -0.0]","[-0.2842861204291555, 0.0, 0.0]","[0.39588702343606447, 0.0, 0.0]",6.18600343171849e-09,0.995,False,0.010000503015193288,"[0.010000503015193288, 0.010000994912101985, 0.009997868252171848, 0.01000103853027246, 0.010000674468016021, 0.009999241399911653, 0.009999326927853248, 0.010001033770904529]",0.0,False,5.155801773459867e-06,2.5663686842314348e-08
autodrag_x_0.8,0,200,0,0.23,0.0050000000000000044,"[0, 0, 0]","[0.7960000038146973, -0.0, 0.0]","[0.7915281057357788, -0.0, 0.0]","[0.007937639951705933, -0.0, -5.0]","[-0.0, 0.0, -0.0]","[0.0, -0.0, -0.0]","[-0.8943796157836906, 0.0, 0.0]","[-0.8943827748298645, 0.0, 0.0]","[-10.285365581512442, 0.0, 0.0]","[-1.137050791601345, 0.0, 0.0]","[0.0, 0.0, 0.0]","[-113.70872844986023, 0.0, -0.0]","[-1.137050791601345, 0.0, 0.0]","[0.7915280899486342, 0.0, 0.0]",1.5787144591605795e-08,0.995,False,0.009999679066877673,"[0.009999679066877673, 0.010000409446637302, 0.010000627640613729, 0.009999098126559625, 0.010000859339900844, 0.009999674174163737, 0.009999351017493907, 0.009999964037732238]",0.0,False,8.583068848433406e-06,4.289071220409113e-08
autodrag_0_-1,0,200,0,0.275,0.0050000000000000044,"[0, 0, 0]","[-0.39800000190734863, -0.0, 0.0]","[-0.39588701725006104, -0.0, 0.0]","[-0.0039694351144135, -0.0, -5.0]","[-0.0, 0.0, -0.0]","[0.0, -0.0, -0.0]","[0.42259693145751914, 0.0, 0.0]","[0.42259567975997925, 0.0, 0.0]","[4.85986471176147, 0.0, 0.0]","[0.2842861204291555, 0.0, 0.0]","[0.0, 0.0, 0.0]","[28.427182112465058, 0.0, -0.0]","[0.2842861204291555, 0.0, 0.0]","[-0.39588702343606447, 0.0, 0.0]",6.18600343171849e-09,0.995,False,0.010000503015193288,"[0.010000503015193288, 0.010000994912101985, 0.009997868252171957, 0.01000103853027246, 0.010000674468015966, 0.009999241399911653, 0.009999326927853248, 0.010001033770904529]",0.0,False,5.15580176879693e-06,2.5663686842314348e-08
autodrag_1_-1,0,200,0,0.32,0.0050000000000000044,"[0, 0, 0]","[0.0, -0.39800000190734863, 0.0]","[0.0, -0.39588701725006104, 0.0]","[0.0, -0.0039694351144135, -5.0]","[-0.0, 0.0, -0.0]","[0.0, -0.0, -0.0]","[0.0, 0.42259693145751914, 0.0]","[0.0, 0.42259567975997925, 0.0]","[0.0, 4.85986471176147, 0.0]","[0.0, 0.2842861204291555, 0.0]","[0.0, 0.0, 0.0]","[-0.0, 28.427182112465058, -0.0]","[0.0, 0.2842861204291555, 0.0]","[0.0, -0.39588702343606447, 0.0]",6.18600343171849e-09,0.995,False,0.010000503015193288,"[0.010000503015193288, 0.010000994912101985, 0.009997868252171848, 0.01000103853027246, 0.010000674468015966, 0.009999241399911764, 0.009999326927853248, 0.010001033770904529]",0.0,False,5.155801773459867e-06,2.5663686842314348e-08
autodrag_1_1,0,200,0,0.365,0.0050000000000000044,"[0, 0, 0]","[0.0, 0.39800000190734863, 0.0]","[0.0, 0.39588701725006104, 0.0]","[0.0, 0.0039694351144135, -5.0]","[-0.0, 0.0, -0.0]","[0.0, -0.0, -0.0]","[0.0, -0.42259693145751914, 0.0]","[0.0, -0.42259567975997925, 0.0]","[0.0, -4.85986471176147, 0.0]","[0.0, -0.2842861204291555, 0.0]","[0.0, 0.0, 0.0]","[-0.0, -28.427182112465058, -0.0]","[0.0, -0.2842861204291555, 0.0]","[0.0, 0.39588702343606447, 0.0]",6.18600343171849e-09,0.995,False,0.010000503015193288,"[0.010000503015193288, 0.010000994912101985, 0.009997868252171848, 0.01000103853027246, 0.010000674468015966, 0.009999241399911653, 0.009999326927853248, 0.010001033770904529]",0.0,False,5.155801773459867e-06,2.5663686842314348e-08
autodrag_2_-1,0,200,0,0.41,0.004999999999999949,"[0, 0, 0]","[0.0, -0.0, -0.39800000190734863]","[0.0, -0.0, -0.39588701725006104]","[0.0, -0.0, -5.003969192504883]","[-0.0, 0.0, -0.0]","[0.0, -0.0, -0.0]","[0.0, 0.0, 0.42259693145752386]","[0.0, 0.0, 0.42259567975997925]","[0.0, 0.0, 4.859864711761524]","[0.0, 0.0, 0.2842861204291587]","[0.0, 0.0, 0.0]","[-0.0, 0.0, 28.427182112465058]","[0.0, 0.0, 0.2842861204291587]","[0.0, 0.0, -0.39588702343606447]",6.18600343171849e-09,0.995,False,0.0100005030151934,"[0.0100005030151934, 0.010000994912101985, 0.009997868252171848, 0.01000103853027246, 0.010000674468015966, 0.009999241399911653, 0.009999326927853248, 0.010001033770904529]",0.0,False,5.155801773459867e-06,2.5663686842314348e-08
autodrag_2_1,0,200,0,0.455,0.0050000000000000044,"[0, 0, 0]","[0.0, -0.0, 0.39800000190734863]","[0.0, -0.0, 0.39588701725006104]","[0.0, -0.0, -4.996030330657959]","[-0.0, 0.0, -0.0]","[0.0, -0.0, -0.0]","[0.0, 0.0, -0.42259693145751914]","[0.0, 0.0, -0.42259567975997925]","[0.0, 0.0, -4.85986471176147]","[0.0, 0.0, -0.2842861204291555]","[0.0, 0.0, 0.0]","[-0.0, 0.0, -28.427182112465058]","[0.0, 0.0, -0.2842861204291555]","[0.0, 0.0, 0.39588702343606447]",6.18600343171849e-09,0.995,False,0.010000503015193288,"[0.010000503015193288, 0.010000994912101985, 0.009997868252171848, 0.010001038530272571, 0.010000674468015966, 0.009999241399911653, 0.009999326927853248, 0.010001033770904529]",0.0,False,5.155801773459867e-06,2.5663686842314348e-08
autodrag_yaw90_world_x,0,200,0,0.5,0.0050000000000000044,"[0, 0, 0]","[0.39800000190734863, -0.0, 0.0]","[0.39588701725006104, -0.0, 0.0]","[0.0039694351144135, -3.3306689994292145e-18, -5.0]","[-0.0, 0.0, -0.0]","[0.0, -0.0, 90.00000762939453]","[-0.42259693145751914, 0.0, 0.0]","[-0.42259567975997925, 0.0, 0.0]","[-4.85986471176147, 0.0, 0.0]","[-0.2842861204291555, 0.0, 0.0]","[0.0, 0.0, 0.0]","[-28.427182112465058, 0.0, -0.0]","[-0.2842861204291555, 0.0, 0.0]","[0.39588702343606447, 0.0, 0.0]",6.18600343171849e-09,0.995,False,0.010000503015193288,"[0.010000503015193288, 0.010000994912101985, 0.009997868252171848, 0.01000103853027246, 0.010000674468015966, 0.009999241399911653, 0.009999326927853248, 0.010001033770904529]",0.0,False,5.155801773459867e-06,2.5663686842314348e-08
neutral_zero,1,200,0,0.545,0.0050000000000000044,"[0, 0, 0]","[0.0, -0.0, 0.0]","[0.0, -0.0, 0.0]","[0.0, -0.0, -5.0]","[-0.0, 0.0, -0.0]","[0.0, -0.0, -0.0]","[0.0, 0.0, 0.0]","[0.0, 0.0, 0.0]","[0.0, 0.0, 0.0]","[0.0, 0.0, 0.0]","[0.0, 0.0, 0.0]","[-0.0, 0.0, -0.0]","[0.0, 0.0, 0.0]","[0.0, 0.0, 0.0]",0.0,0.995,False,,"[null, null, null, null, null, null, null, null]",0.0,False,0.0,0.0
thrust_0_10N,1,200,0,0.59,0.0050000000000000044,"[0, 0, 0]","[0.0, -0.0, 0.0]","[0.0043260869570076466, -0.0, 0.0]","[2.1630432456731796e-05, -0.0, -5.0]","[-0.0, 0.0, -0.0]","[0.0, -0.0, -0.0]","[0.8652173914015285, 0.0, 0.0]","[0.865217387676239, 0.0, 0.0]","[9.950000001117578, 0.0, 0.0]","[10.000000001123194, 0.0, 0.0]","[10, 0.0, 0.0]","[-0.0, 0.0, -0.0]","[1.1231939822664572e-09, 0.0, 0.0]","[0.004326086956521739, 0.0, 0.0]",4.859073213236975e-13,0.995,False,,"[null, 0.010574287999576675, 0.009937546256450625, 0.010012591233778956, 0.010005149386906852, 0.010012872112453667, 0.010005422385797548, 0.009994033737348643]",0.0,False,1.303851612233231e-07,8.344169868945706e-10
gravity_air,1,200,0,0.635,0.0050000000000000044,"[0, 0, 0]","[0, 0, 0]","[0.0, -0.0, -0.04875500127673149]","[0.0, -0.0, 19.999755859375]","[-0.0, 0.0, -0.0]","[0.0, -0.0, -0.0]","[0.0, -0.0, -9.75100025534629]","[0.0, 0.0, -9.75100040435791]","[0.0, -0.0, -112.13650293648233]","[0.0, -0.0, -112.70000295123853]","[0.0, 0.0, 0.0]","[0, 0, 0]","[0.0, -0.0, -2.9512385282259856e-06]","[0.0, 0.0, -0.048755]",1.276731491361982e-09,0.995,False,,"[null, null, null, null, null, null, null, null]",0.0,False,2.6226043789989717e-06,1.103699209803466e-08
autodrag_x_0.2,1,200,0,0.68,0.0050000000000000044,"[0, 0, 0]","[0.19900000095367432, -0.0, 0.0]","[0.19797424972057343, -0.0, 0.0]","[0.0019848712254315615, -0.0, -5.0]","[-0.0, 0.0, -0.0]","[0.0, -0.0, -0.0]","[-0.20515024662017803, 0.0, 0.0]","[-0.20514892041683197, 0.0, 0.0]","[-2.3592278361320473, 0.0, 0.0]","[-0.07108324137166659, 0.0, 0.0]","[0.0, 0.0, 0.0]","[-7.1067955281162645, 0.0, -0.0]","[-0.07108324137166659, 0.0, 0.0]","[0.1979742563334691, 0.0, 0.0]",6.612895675495167e-09,0.995,False,0.010002150911820027,"[0.010002150911820027, 0.00999923598425368, 0.010000953106692726, 0.009997537078114557, 0.009998965441124828, 0.010000376336916389, 0.010001832065971808, 0.009998187184183124]",0.0,False,1.4752149583574514e-06,7.341006413863482e-09
autodrag_x_0.4,1,200,0,0.725,0.0050000000000000044,"[0, 0, 0]","[0.39800000190734863, -0.0, 0.0]","[0.39588701725006104, -0.0, 0.0]","[0.0039694351144135, -0.0, -5.0]","[-0.0, 0.0, -0.0]","[0.0, -0.0, -0.0]","[-0.42259693145751914, 0.0, 0.0]","[-0.42259567975997925, 0.0, 0.0]","[-4.85986471176147, 0.0, 0.0]","[-0.2842861204291555, 0.0, 0.0]","[0.0, 0.0, 0.0]","[-28.427182112465058, 0.0, -0.0]","[-0.2842861204291555, 0.0, 0.0]","[0.39588702343606447, 0.0, 0.0]",6.18600343171849e-09,0.995,False,0.010000503015193288,"[0.010000503015193288, 0.010000994912101985, 0.009997868252171848, 0.01000103853027246, 0.010000674468015966, 0.009999241399911653, 0.009999326927853248, 0.010001033770904529]",0.0,False,5.155801773459867e-06,2.5663686842314348e-08
autodrag_x_0.8,1,200,0,0.77,0.0050000000000000044,"[0, 0, 0]","[0.7960000038146973, -0.0, 0.0]","[0.7915281057357788, -0.0, 0.0]","[0.007937639951705933, -0.0, -5.0]","[-0.0, 0.0, -0.0]","[0.0, -0.0, -0.0]","[-0.8943796157836906, 0.0, 0.0]","[-0.8943827748298645, 0.0, 0.0]","[-10.285365581512442, 0.0, 0.0]","[-1.137050791601345, 0.0, 0.0]","[0.0, 0.0, 0.0]","[-113.70872844986023, 0.0, -0.0]","[-1.137050791601345, 0.0, 0.0]","[0.7915280899486342, 0.0, 0.0]",1.5787144591605795e-08,0.995,False,0.009999679066877673,"[0.009999679066877673, 0.010000409446637246, 0.010000627640613729, 0.009999098126559625, 0.010000859339900844, 0.009999674174163737, 0.009999351017493907, 0.009999964037732238]",0.0,False,8.583068848433406e-06,4.289071220409113e-08
autodrag_0_-1,1,200,0,0.815,0.004999999999999893,"[0, 0, 0]","[-0.39800000190734863, -0.0, 0.0]","[-0.39588701725006104, -0.0, 0.0]","[-0.0039694351144135, -0.0, -5.0]","[-0.0, 0.0, -0.0]","[0.0, -0.0, -0.0]","[0.4225969314575285, 0.0, 0.0]","[0.42259567975997925, 0.0, 0.0]","[4.859864711761578, 0.0, 0.0]","[0.28428612042916185, 0.0, 0.0]","[0.0, 0.0, 0.0]","[28.427182112465058, 0.0, -0.0]","[0.28428612042916185, 0.0, 0.0]","[-0.39588702343606447, 0.0, 0.0]",6.18600343171849e-09,0.995,False,0.01000050301519351,"[0.01000050301519351, 0.010000994912101985, 0.009997868252171848, 0.01000103853027246, 0.010000674468015966, 0.009999241399911653, 0.009999326927853248, 0.010001033770904529]",0.0,False,5.155801773459867e-06,2.5663686842314348e-08
autodrag_1_-1,1,200,0,0.86,0.0050000000000000044,"[0, 0, 0]","[0.0, -0.39800000190734863, 0.0]","[0.0, -0.39588701725006104, 0.0]","[0.0, -0.0039694351144135, -5.0]","[-0.0, 0.0, -0.0]","[0.0, -0.0, -0.0]","[0.0, 0.42259693145751914, 0.0]","[0.0, 0.42259567975997925, 0.0]","[0.0, 4.85986471176147, 0.0]","[0.0, 0.2842861204291555, 0.0]","[0.0, 0.0, 0.0]","[-0.0, 28.427182112465058, -0.0]","[0.0, 0.2842861204291555, 0.0]","[0.0, -0.39588702343606447, 0.0]",6.18600343171849e-09,0.995,False,0.010000503015193288,"[0.010000503015193288, 0.010000994912101985, 0.009997868252171848, 0.01000103853027246, 0.010000674468015966, 0.009999241399911653, 0.009999326927853248, 0.010001033770904529]",0.0,False,5.155801773459867e-06,2.5663686842314348e-08
autodrag_1_1,1,200,0,0.905,0.0050000000000000044,"[0, 0, 0]","[0.0, 0.39800000190734863, 0.0]","[0.0, 0.39588701725006104, 0.0]","[0.0, 0.0039694351144135, -5.0]","[-0.0, 0.0, -0.0]","[0.0, -0.0, -0.0]","[0.0, -0.42259693145751914, 0.0]","[0.0, -0.42259567975997925, 0.0]","[0.0, -4.85986471176147, 0.0]","[0.0, -0.2842861204291555, 0.0]","[0.0, 0.0, 0.0]","[-0.0, -28.427182112465058, -0.0]","[0.0, -0.2842861204291555, 0.0]","[0.0, 0.39588702343606447, 0.0]",6.18600343171849e-09,0.995,False,0.010000503015193288,"[0.010000503015193288, 0.010000994912101985, 0.009997868252171848, 0.01000103853027246, 0.010000674468015966, 0.009999241399911653, 0.009999326927853248, 0.01000103377090475]",0.0,False,5.155801773459867e-06,2.5663686842314348e-08
autodrag_2_-1,1,200,0,0.95,0.0050000000000000044,"[0, 0, 0]","[0.0, -0.0, -0.39800000190734863]","[0.0, -0.0, -0.39588701725006104]","[0.0, -0.0, -5.003969192504883]","[-0.0, 0.0, -0.0]","[0.0, -0.0, -0.0]","[0.0, 0.0, 0.42259693145751914]","[0.0, 0.0, 0.42259567975997925]","[0.0, 0.0, 4.85986471176147]","[0.0, 0.0, 0.2842861204291555]","[0.0, 0.0, 0.0]","[-0.0, 0.0, 28.427182112465058]","[0.0, 0.0, 0.2842861204291555]","[0.0, 0.0, -0.39588702343606447]",6.18600343171849e-09,0.995,False,0.010000503015193288,"[0.010000503015193288, 0.010000994912101985, 0.009997868252171848, 0.01000103853027246, 0.010000674468015966, 0.009999241399911653, 0.009999326927853248, 0.010001033770904529]",0.0,False,5.155801773459867e-06,2.5663686842314348e-08
autodrag_2_1,1,200,0,0.995,0.0050000000000000044,"[0, 0, 0]","[0.0, -0.0, 0.39800000190734863]","[0.0, -0.0, 0.39588701725006104]","[0.0, -0.0, -4.996030330657959]","[-0.0, 0.0, -0.0]","[0.0, -0.0, -0.0]","[0.0, 0.0, -0.42259693145751914]","[0.0, 0.0, -0.42259567975997925]","[0.0, 0.0, -4.85986471176147]","[0.0, 0.0, -0.2842861204291555]","[0.0, 0.0, 0.0]","[-0.0, 0.0, -28.427182112465058]","[0.0, 0.0, -0.2842861204291555]","[0.0, 0.0, 0.39588702343606447]",6.18600343171849e-09,0.995,False,0.010000503015193288,"[0.010000503015193288, 0.010000994912101985, 0.00999786825217207, 0.010001038530272236, 0.010000674468016188, 0.009999241399911431, 0.00999932692785347, 0.010001033770904305]",0.0,False,5.155801764189505e-06,2.5663686842314348e-08
autodrag_yaw90_world_x,1,200,0,1.04,0.0050000000000001155,"[0, 0, 0]","[0.39800000190734863, -0.0, 0.0]","[0.39588701725006104, -0.0, 0.0]","[0.0039694351144135, -3.3306689994292145e-18, -5.0]","[-0.0, 0.0, -0.0]","[0.0, -0.0, 90.00000762939453]","[-0.42259693145750976, 0.0, 0.0]","[-0.42259567975997925, 0.0, 0.0]","[-4.859864711761363, 0.0, 0.0]","[-0.28428612042914925, 0.0, 0.0]","[0.0, 0.0, 0.0]","[-28.427182112465058, 0.0, -0.0]","[-0.28428612042914925, 0.0, 0.0]","[0.39588702343606447, 0.0, 0.0]",6.18600343171849e-09,0.995,False,0.010000503015193066,"[0.010000503015193066, 0.010000994912102207, 0.009997868252171624, 0.010001038530272682, 0.010000674468015744, 0.009999241399911873, 0.009999326927853026, 0.01000103377090475]",0.0,False,5.155801782730229e-06,2.5663686842314348e-08
neutral_zero,2,200,0,1.085,0.004999999999999893,"[0, 0, 0]","[0.0, -0.0, 0.0]","[0.0, -0.0, 0.0]","[0.0, -0.0, -5.0]","[-0.0, 0.0, -0.0]","[0.0, -0.0, -0.0]","[0.0, 0.0, 0.0]","[0.0, 0.0, 0.0]","[0.0, 0.0, 0.0]","[0.0, 0.0, 0.0]","[0.0, 0.0, 0.0]","[-0.0, 0.0, -0.0]","[0.0, 0.0, 0.0]","[0.0, 0.0, 0.0]",0.0,0.995,False,,"[null, null, null, null, null, null, null, null]",0.0,False,0.0,0.0
thrust_0_10N,2,200,0,1.13,0.004999999999999893,"[0, 0, 0]","[0.0, -0.0, 0.0]","[0.0043260869570076466, -0.0, 0.0]","[2.1630432456731796e-05, -0.0, -5.0]","[-0.0, 0.0, -0.0]","[0.0, -0.0, -0.0]","[0.8652173914015477, 0.0, 0.0]","[0.865217387676239, 0.0, 0.0]","[9.950000001117798, 0.0, 0.0]","[10.000000001123416, 0.0, 0.0]","[10, 0.0, 0.0]","[-0.0, 0.0, -0.0]","[1.1234160268713822e-09, 0.0, 0.0]","[0.004326086956521739, 0.0, 0.0]",4.859073213236975e-13,0.995,False,,"[null, 0.010574288065688945, 0.009937546239839546, 0.010012591241198738, 0.010005149382712263, 0.010012872115151688, 0.010005422383914511, 0.009994033738739048]",0.0,False,1.3038518031915913e-07,8.344169868945706e-10
gravity_air,2,200,0,1.175,0.0050000000000001155,"[0, 0, 0]","[0, 0, 0]","[0.0, -0.0, -0.04875500127673149]","[0.0, -0.0, 19.999755859375]","[-0.0, 0.0, -0.0]","[0.0, -0.0, -0.0]","[0.0, -0.0, -9.751000255346073]","[0.0, 0.0, -9.75100040435791]","[0.0, -0.0, -112.13650293647983]","[0.0, -0.0, -112.70000295123603]","[0.0, 0.0, 0.0]","[0, 0, 0]","[0.0, -0.0, -2.9512360271155558e-06]","[0.0, 0.0, -0.048755]",1.276731491361982e-09,0.995,False,,"[null, null, null, null, null, null, null, null]",0.0,False,2.6226045886090787e-06,1.103699209803466e-08
autodrag_x_0.2,2,200,0,1.22,0.004999999999999893,"[0, 0, 0]","[0.19900000095367432, -0.0, 0.0]","[0.19797424972057343, -0.0, 0.0]","[0.0019848712254315615, -0.0, -5.0]","[-0.0, 0.0, -0.0]","[0.0, -0.0, -0.0]","[-0.2051502466201826, 0.0, 0.0]","[-0.20514892041683197, 0.0, 0.0]","[-2.3592278361321, 0.0, 0.0]","[-0.07108324137166817, 0.0, 0.0]","[0.0, 0.0, 0.0]","[-7.1067955281162645, 0.0, -0.0]","[-0.07108324137166817, 0.0, 0.0]","[0.1979742563334691, 0.0, 0.0]",6.612895675495167e-09,0.995,False,0.01000215091182025,"[0.01000215091182025, 0.00999923598425346, 0.010000953106692726, 0.009997537078114333, 0.00999896544112505, 0.010000376336916167, 0.01000183206597203, 0.009998187184183346]",0.0,False,1.4752149628538547e-06,7.341006413863482e-09
autodrag_x_0.4,2,200,0,1.265,0.004999999999999893,"[0, 0, 0]","[0.39800000190734863, -0.0, 0.0]","[0.39588701725006104, -0.0, 0.0]","[0.0039694351144135, -0.0, -5.0]","[-0.0, 0.0, -0.0]","[0.0, -0.0, -0.0]","[-0.4225969314575285, 0.0, 0.0]","[-0.42259567975997925, 0.0, 0.0]","[-4.859864711761578, 0.0, 0.0]","[-0.28428612042916185, 0.0, 0.0]","[0.0, 0.0, 0.0]","[-28.427182112465058, 0.0, -0.0]","[-0.28428612042916185, 0.0, 0.0]","[0.39588702343606447, 0.0, 0.0]",6.18600343171849e-09,0.995,False,0.01000050301519351,"[0.01000050301519351, 0.010000994912101765, 0.00999786825217207, 0.010001038530272236, 0.010000674468016188, 0.009999241399911431, 0.00999932692785347, 0.010001033770904305]",0.0,False,5.155801764189505e-06,2.5663686842314348e-08
autodrag_x_0.8,2,200,0,1.31,0.0050000000000001155,"[0, 0, 0]","[0.7960000038146973, -0.0, 0.0]","[0.7915281057357788, -0.0, 0.0]","[0.007937639951705933, -0.0, -5.0]","[-0.0, 0.0, -0.0]","[0.0, -0.0, -0.0]","[-0.8943796157836708, 0.0, 0.0]","[-0.8943827748298645, 0.0, 0.0]","[-10.285365581512213, 0.0, 0.0]","[-1.13705079160132, 0.0, 0.0]","[0.0, 0.0, 0.0]","[-113.70872844986023, 0.0, -0.0]","[-1.13705079160132, 0.0, 0.0]","[0.7915280899486342, 0.0, 0.0]",1.5787144591605795e-08,0.995,False,0.00999967906687745,"[0.00999967906687745, 0.010000409446637468, 0.010000627640613506, 0.009999098126559847, 0.010000859339900622, 0.00999967417416396, 0.009999351017493684, 0.009999964037732458]",0.0,False,8.583068828893481e-06,4.289071220409113e-08
autodrag_0_-1,2,200,0,1.355,0.004999999999999893,"[0, 0, 0]","[-0.39800000190734863, -0.0, 0.0]","[-0.39588701725006104, -0.0, 0.0]","[-0.0039694351144135, -0.0, -5.0]","[-0.0, 0.0, -0.0]","[0.0, -0.0, -0.0]","[0.4225969314575285, 0.0, 0.0]","[0.42259567975997925, 0.0, 0.0]","[4.859864711761578, 0.0, 0.0]","[0.28428612042916185, 0.0, 0.0]","[0.0, 0.0, 0.0]","[28.427182112465058, 0.0, -0.0]","[0.28428612042916185, 0.0, 0.0]","[-0.39588702343606447, 0.0, 0.0]",6.18600343171849e-09,0.995,False,0.01000050301519351,"[0.01000050301519351, 0.010000994912101765, 0.00999786825217207, 0.010001038530272236, 0.010000674468016188, 0.009999241399911873, 0.009999326927853026, 0.01000103377090475]",0.0,False,5.155801764189505e-06,2.5663686842314348e-08
autodrag_1_-1,2,200,0,1.4,0.004999999999999893,"[0, 0, 0]","[0.0, -0.39800000190734863, 0.0]","[0.0, -0.39588701725006104, 0.0]","[0.0, -0.0039694351144135, -5.0]","[-0.0, 0.0, -0.0]","[0.0, -0.0, -0.0]","[0.0, 0.4225969314575285, 0.0]","[0.0, 0.42259567975997925, 0.0]","[0.0, 4.859864711761578, 0.0]","[0.0, 0.28428612042916185, 0.0]","[0.0, 0.0, 0.0]","[-0.0, 28.427182112465058, -0.0]","[0.0, 0.28428612042916185, 0.0]","[0.0, -0.39588702343606447, 0.0]",6.18600343171849e-09,0.995,False,0.01000050301519351,"[0.01000050301519351, 0.010000994912101765, 0.00999786825217207, 0.010001038530272236, 0.010000674468016188, 0.009999241399911431, 0.00999932692785347, 0.010001033770904305]",0.0,False,5.155801764189505e-06,2.5663686842314348e-08
autodrag_1_1,2,200,0,1.445,0.0050000000000001155,"[0, 0, 0]","[0.0, 0.39800000190734863, 0.0]","[0.0, 0.39588701725006104, 0.0]","[0.0, 0.0039694351144135, -5.0]","[-0.0, 0.0, -0.0]","[0.0, -0.0, -0.0]","[0.0, -0.42259693145750976, 0.0]","[0.0, -0.42259567975997925, 0.0]","[0.0, -4.859864711761363, 0.0]","[0.0, -0.28428612042914925, 0.0]","[0.0, 0.0, 0.0]","[-0.0, -28.427182112465058, -0.0]","[0.0, -0.28428612042914925, 0.0]","[0.0, 0.39588702343606447, 0.0]",6.18600343171849e-09,0.995,False,0.010000503015193066,"[0.010000503015193066, 0.010000994912102207, 0.009997868252171624, 0.010001038530272682, 0.010000674468015744, 0.009999241399911873, 0.009999326927853026, 0.01000103377090475]",0.0,False,5.155801782730229e-06,2.5663686842314348e-08
autodrag_2_-1,2,200,0,1.49,0.004999999999999893,"[0, 0, 0]","[0.0, -0.0, -0.39800000190734863]","[0.0, -0.0, -0.39588701725006104]","[0.0, -0.0, -5.003969192504883]","[-0.0, 0.0, -0.0]","[0.0, -0.0, -0.0]","[0.0, 0.0, 0.4225969314575285]","[0.0, 0.0, 0.42259567975997925]","[0.0, 0.0, 4.859864711761578]","[0.0, 0.0, 0.28428612042916185]","[0.0, 0.0, 0.0]","[-0.0, 0.0, 28.427182112465058]","[0.0, 0.0, 0.28428612042916185]","[0.0, 0.0, -0.39588702343606447]",6.18600343171849e-09,0.995,False,0.01000050301519351,"[0.01000050301519351, 0.010000994912101765, 0.00999786825217207, 0.010001038530272682, 0.010000674468015744, 0.009999241399911873, 0.009999326927853026, 0.01000103377090475]",0.0,False,5.155801764189505e-06,2.5663686842314348e-08
autodrag_2_1,2,200,0,1.535,0.004999999999999893,"[0, 0, 0]","[0.0, -0.0, 0.39800000190734863]","[0.0, -0.0, 0.39588701725006104]","[0.0, -0.0, -4.996030330657959]","[-0.0, 0.0, -0.0]","[0.0, -0.0, -0.0]","[0.0, 0.0, -0.4225969314575285]","[0.0, 0.0, -0.42259567975997925]","[0.0, 0.0, -4.859864711761578]","[0.0, 0.0, -0.28428612042916185]","[0.0, 0.0, 0.0]","[-0.0, 0.0, -28.427182112465058]","[0.0, 0.0, -0.28428612042916185]","[0.0, 0.0, 0.39588702343606447]",6.18600343171849e-09,0.995,False,0.01000050301519351,"[0.01000050301519351, 0.010000994912101765, 0.00999786825217207, 0.010001038530272236, 0.010000674468016188, 0.009999241399911431, 0.00999932692785347, 0.010001033770904305]",0.0,False,5.155801764189505e-06,2.5663686842314348e-08
autodrag_yaw90_world_x,2,200,0,1.58,0.0050000000000001155,"[0, 0, 0]","[0.39800000190734863, -0.0, 0.0]","[0.39588701725006104, -0.0, 0.0]","[0.0039694351144135, -3.3306689994292145e-18, -5.0]","[-0.0, 0.0, -0.0]","[0.0, -0.0, 90.00000762939453]","[-0.42259693145750976, 0.0, 0.0]","[-0.42259567975997925, 0.0, 0.0]","[-4.859864711761363, 0.0, 0.0]","[-0.28428612042914925, 0.0, 0.0]","[0.0, 0.0, 0.0]","[-28.427182112465058, 0.0, -0.0]","[-0.28428612042914925, 0.0, 0.0]","[0.39588702343606447, 0.0, 0.0]",6.18600343171849e-09,0.995,False,0.010000503015193066,"[0.010000503015193066, 0.010000994912102207, 0.009997868252171624, 0.010001038530272682, 0.010000674468015744, 0.009999241399911873, 0.009999326927853026, 0.01000103377090475]",0.0,False,5.155801782730229e-06,2.5663686842314348e-08
