case,trial,ticks_per_sec,step,time_s,dt_s,current_m_s,velocity_before_m_s,velocity_m_s,position_m,angular_velocity_rad_s,rpy_deg,acceleration_fd_m_s2,acceleration_sensor_m_s2,force_ma_N,force_reconstructed_N,thrust_reference_N,expected_drag_N,observed_drag_N,predicted_source_velocity_m_s,source_prediction_velocity_error_m_s,damping_gain,collision,observed_expected_scale,maximum_angular_velocity_rad_s,any_collision,maximum_sensor_fd_error_m_s2,maximum_source_prediction_error_m_s
neutral_zero,0,20,0,0.05,0.05,"[0, 0, 0]","[0.0, -0.0, 0.0]","[0.0, -0.0, 0.0]","[0.0, -0.0, -5.0]","[-0.0, 0.0, -0.0]","[0.0, -0.0, -0.0]","[0.0, 0.0, 0.0]","[0.0, 0.0, 0.0]","[0.0, 0.0, 0.0]","[0.0, 0.0, 0.0]","[0.0, 0.0, 0.0]","[-0.0, 0.0, -0.0]","[0.0, 0.0, 0.0]","[0.0, 0.0, 0.0]",0.0,0.95,False,,0.0,False,0.0,0.0
current_x_0.1,0,20,0,0.5,0.04999999999999999,"[0.1, 0, 0]","[0.0, -0.0, 0.0]","[5.0283480959478766e-05, -0.0, 0.0]","[1.6761160850364831e-06, -0.0, -5.0]","[-0.0, 0.0, -0.0]","[0.0, -0.0, -0.0]","[0.0010056696191895755, 0.0, 0.0]","[0.0010056695900857449, 0.0, 0.0]","[0.011565200620680118, 0.0, 0.0]","[0.012173895390189598, 0.0, 0.0]","[0.0, 0.0, 0.0]","[1.7946000000000002, 0.0, -0.0]","[0.012173895390189598, 0.0, 0.0]","[7.412478260869566e-05, 0.0, 0.0]",2.3841301649216894e-05,0.95,False,0.00678362609505717,0.0,False,2.3283064441281115e-10,2.3841301649216894e-05
current_x_0.2,0,20,0,0.95,0.04999999999999993,"[0.2, 0, 0]","[0.0, -0.0, 0.0]","[0.00020113392383791506, -0.0, 0.0]","[6.7044643401459325e-06, -0.0, -5.0]","[-0.0, 0.0, -0.0]","[0.0, -0.0, -0.0]","[0.0040226784767583065, 0.0, 0.0]","[0.004022678360342979, 0.0, 0.0]","[0.04626080248272053, 0.0, 0.0]","[0.04869558156075845, 0.0, 0.0]","[0.0, 0.0, 0.0]","[7.178400000000001, 0.0, -0.0]","[0.04869558156075845, 0.0, 0.0]","[0.00029649913043478264, 0.0, 0.0]",9.536520659686758e-05,0.95,False,0.0067836260950571775,0.0,False,6.98491933997375e-10,9.536520659686758e-05
current_x_0.4,0,20,0,1.4,0.04999999999999982,"[0.4, 0, 0]","[0.0, -0.0, 0.0]","[0.0008045356953516603, -0.0, 0.0]","[2.681785736058373e-05, -0.0, -5.0]","[-0.0, 0.0, -0.0]","[0.0, -0.0, -0.0]","[0.01609071390703326, 0.0, 0.0]","[0.016090713441371918, 0.0, 0.0]","[0.1850432099308825, 0.0, 0.0]","[0.19478232624303424, 0.0, 0.0]","[0.0, 0.0, 0.0]","[28.713600000000003, 0.0, -0.0]","[0.19478232624303424, 0.0, 0.0]","[0.0011859965217391306, 0.0, 0.0]",0.0003814608263874703,0.95,False,0.006783626095057193,0.0,False,5.58793543728453e-09,0.0003814608263874703
current_x_0.8,0,20,0,1.85,0.050000000000000044,"[0.8, 0, 0]","[0.0, -0.0, 0.0]","[0.003218142781406641, -0.0, 0.0]","[0.00010727142944233492, -0.0, -5.0]","[-0.0, 0.0, -0.0]","[0.0, -0.0, -0.0]","[0.06436285562813276, 0.0, 0.0]","[0.06436285376548767, 0.0, 0.0]","[0.7401728397235268, 0.0, 0.0]","[0.7791293049721335, 0.0, 0.0]","[0.0, 0.0, 0.0]","[114.85440000000001, 0.0, -0.0]","[0.7791293049721335, 0.0, 0.0]","[0.004743986086956522, 0.0, 0.0]",0.0015258433055498812,0.95,False,0.006783626095057163,0.0,False,1.4901161145275399e-08,0.0015258433055498812
current_x_negative,0,20,0,2.3,0.04999999999999982,"[-0.4, 0, 0]","[0.0, -0.0, 0.0]","[-0.0008045356953516603, -0.0, 0.0]","[-2.681785736058373e-05, -0.0, -5.0]","[-0.0, 0.0, -0.0]","[0.0, -0.0, -0.0]","[-0.01609071390703326, 0.0, 0.0]","[-0.016090713441371918, 0.0, 0.0]","[-0.1850432099308825, 0.0, 0.0]","[-0.19478232624303424, 0.0, 0.0]","[0.0, 0.0, 0.0]","[-28.713600000000003, 0.0, -0.0]","[-0.19478232624303424, 0.0, 0.0]","[-0.0011859965217391306, 0.0, 0.0]",0.0003814608263874703,0.95,False,0.006783626095057193,0.0,False,5.587935491060958e-09,0.0003814608263874703
current_1_-1,0,20,0,2.75,0.04999999999999982,"[0, -0.4, 0]","[0.0, -0.0, 0.0]","[0.0, -0.0008045356953516603, 0.0]","[0.0, -2.681785736058373e-05, -5.0]","[-0.0, 0.0, -0.0]","[0.0, -0.0, -0.0]","[0.0, -0.01609071390703326, 0.0]","[0.0, -0.016090713441371918, 0.0]","[0.0, -0.1850432099308825, 0.0]","[0.0, -0.19478232624303424, 0.0]","[0.0, 0.0, 0.0]","[-0.0, -28.713600000000003, -0.0]","[0.0, -0.19478232624303424, 0.0]","[0.0, -0.0011859965217391306, 0.0]",0.0003814608263874703,0.95,False,0.006783626095057193,0.0,False,5.587935381773379e-09,0.0003814608263874703
current_1_1,0,20,0,3.2,0.050000000000000266,"[0, 0.4, 0]","[0.0, -0.0, 0.0]","[0.0, 0.0008045356953516603, 0.0]","[0.0, 2.681785736058373e-05, -5.0]","[-0.0, 0.0, -0.0]","[0.0, -0.0, -0.0]","[0.0, 0.01609071390703312, 0.0]","[0.0, 0.016090713441371918, 0.0]","[0.0, 0.18504320993088086, 0.0]","[0.0, 0.1947823262430325, 0.0]","[0.0, 0.0, 0.0]","[-0.0, 28.713600000000003, -0.0]","[0.0, 0.1947823262430325, 0.0]","[0.0, 0.0011859965217391306, 0.0]",0.0003814608263874703,0.95,False,0.0067836260950571315,0.0,False,5.587935491060958e-09,0.0003814608263874703
current_2_-1,0,20,0,3.65,0.04999999999999982,"[0, 0, -0.4]","[0.0, -0.0, 0.0]","[0.0, -0.0, -0.0008045356953516603]","[0.0, -0.0, -5.000026702880859]","[-0.0, 0.0, -0.0]","[0.0, -0.0, -0.0]","[0.0, 0.0, -0.01609071390703326]","[0.0, 0.0, -0.016090713441371918]","[0.0, 0.0, -0.1850432099308825]","[0.0, 0.0, -0.19478232624303424]","[0.0, 0.0, 0.0]","[-0.0, 0.0, -28.713600000000003]","[0.0, 0.0, -0.19478232624303424]","[0.0, 0.0, -0.0011859965217391306]",0.0003814608263874703,0.95,False,0.006783626095057193,0.0,False,5.587935491060958e-09,0.0003814608263874703
current_2_1,0,20,0,4.1,0.04999999999999982,"[0, 0, 0.4]","[0.0, -0.0, 0.0]","[0.0, -0.0, 0.0008045356953516603]","[0.0, -0.0, -4.999973297119141]","[-0.0, 0.0, -0.0]","[0.0, -0.0, -0.0]","[0.0, 0.0, 0.01609071390703326]","[0.0, 0.0, 0.016090713441371918]","[0.0, 0.0, 0.1850432099308825]","[0.0, 0.0, 0.19478232624303424]","[0.0, 0.0, 0.0]","[-0.0, 0.0, 28.713600000000003]","[0.0, 0.0, 0.19478232624303424]","[0.0, 0.0, 0.0011859965217391306]",0.0003814608263874703,0.95,False,0.006783626095057193,0.0,False,5.587935491060958e-09,0.0003814608263874703
yaw90_world_current,0,20,0,4.55,0.04999999999999982,"[0.4, 0, 0]","[0.0, -0.0, 0.0]","[0.0008045356953516603, -0.0, 0.0]","[2.681785736058373e-05, -3.3306689994292145e-18, -5.0]","[-0.0, 0.0, -0.0]","[0.0, -0.0, 90.00000762939453]","[0.01609071390703326, 0.0, 0.0]","[0.016090713441371918, 0.0, 0.0]","[0.1850432099308825, 0.0, 0.0]","[0.19478232624303424, 0.0, 0.0]","[0.0, 0.0, 0.0]","[28.713600000000003, 0.0, -0.0]","[0.19478232624303424, 0.0, 0.0]","[0.0011859965217391306, 0.0, 0.0]",0.0003814608263874703,0.95,False,0.006783626095057193,0.0,False,5.5879352724858e-09,0.0003814608263874703
thrust_0_10N,0,20,0,5.0,0.04999999999999982,"[0, 0, 0]","[0.0, -0.0, 0.0]","[0.02801932394504547, -0.0, 0.0]","[0.0009339775424450636, -0.0, -5.0]","[-0.0, 0.0, -0.0]","[0.0, -0.0, -0.0]","[0.5603864789009114, 0.0, 0.0]","[0.5603864789009094, 0.0, 0.0]","[6.4444445073604815, 0.0, 0.0]","[6.78362579722156, 0.0, 0.0]","[10, 0.0, 0.0]","[-0.0, 0.0, -0.0]","[-3.2163742027784403, 0.0, 0.0]","[0.041304347826086954, 0.0, 0.0]",0.013285023881041483,0.95,False,,0.0,False,1.4901161032865318e-07,0.013285023881041483
thrust_1_10N,0,20,0,5.45,0.04999999999999982,"[0, 0, 0]","[0.0, -0.0, 0.0]","[0.0, 0.02801932394504547, 0.0]","[0.0, 0.0009339775424450636, -5.0]","[-0.0, -2.202285834517314e-22, 1.4432900445092668e-17]","[0.0, -0.0, -0.0]","[0.0, 0.5603864789009114, 0.0]","[0.0, 0.5603864789009094, 0.0]","[0.0, 6.4444445073604815, 0.0]","[0.0, 6.78362579722156, 0.0]","[0.0, 10, 0.0]","[-0.0, 0.0, -0.0]","[0.0, -3.2163742027784403, 0.0]","[0.0, 0.041304347826086954, 0.0]",0.013285023881041483,0.95,False,,9.881381241083211e-17,False,1.4901161032865318e-07,0.013285023881041483
thrust_2_10N,0,20,0,5.9,0.05000000000000071,"[0, 0, 0]","[0.0, -0.0, 0.0]","[0.0, -0.0, 0.02801932394504547]","[0.0, -0.0, -4.99906587600708]","[-0.0, 4.933120026980713e-20, -0.0]","[0.0, -0.0, -0.0]","[0.0, 0.0, 0.5603864789009014]","[0.0, 0.0, 0.5603864789009094]","[0.0, 0.0, 6.444444507360366]","[0.0, 0.0, 6.783625797221439]","[0.0, 0.0, 10]","[-0.0, 0.0, -0.0]","[0.0, 0.0, -3.216374202778561]","[0.0, 0.0, 0.041304347826086954]",0.013285023881041483,0.95,False,,3.61791480836619e-19,False,1.4901161032865318e-07,0.013285023881041483
gravity_air,0,20,0,6.35,0.04999999999999982,"[0, 0, 0]","[0, 0, 0]","[0.0, -0.0, -0.31577780842781067]","[0.0, -0.0, 19.989473342895508]","[-0.0, 0.0, -0.0]","[0.0, -0.0, -0.0]","[0.0, -0.0, -6.315556168556236]","[0.0, 0.0, -6.315556049346924]","[0.0, -0.0, -72.62889593839671]","[0.0, -0.0, -76.45146940883865]","[0.0, 0.0, 0.0]","[0, 0, 0]","[0.0, -0.0, 36.248530591161355]","[0.0, 0.0, -0.4655]",0.14972219157218936,0.95,False,,0.0,False,9.536743350579968e-07,0.14972219157218936
moving_zero_current,0,20,0,6.8,0.04999999999999982,"[0, 0, 0]","[0.3866666555404663, -0.0, 0.0]","[0.3730259835720062, -0.0, 0.0]","[0.025323089212179184, -0.0, -5.0]","[-0.0, 0.0, -0.0]","[0.0, -0.0, -0.0]","[-0.2728134393692026, 0.0, 0.0]","[-0.2728136479854584, 0.0, 0.0]","[-3.1373545527458297, 0.0, 0.0]","[1.3782231431258463, 0.0, 0.0]","[0.0, 0.0, 0.0]","[-26.831262455879237, 0.0, -0.0]","[1.3782231431258463, 0.0, 0.0]","[0.3662250749663523, 0.0, 0.0]",0.00680090860565391,0.95,False,-0.05136631738413976,0.0,False,3.129243821009542e-07,0.00680090860565391
moving_matched_current,0,20,0,7.25,0.04999999999999982,"[0.3866666555404663, -0.0, 0.0]","[0.3866666555404663, -0.0, 0.0]","[0.3737777769565582, -0.0, 0.0]","[0.025348149240016937, -0.0, -5.0]","[-0.0, 0.0, -0.0]","[0.0, -0.0, -0.0]","[-0.2577775716781625, 0.0, 0.0]","[-0.25777778029441833, 0.0, 0.0]","[-2.964442074298869, 0.0, 0.0]","[1.5602362783331702, 0.0, 0.0]","[0.0, 0.0, 0.0]","[-0.0, -0.0, -0.0]","[1.5602362783331702, 0.0, 0.0]","[0.367333322763443, 0.0, 0.0]",0.006444454193115234,0.95,False,,0.0,False,4.91738318592061e-07,0.006444454193115234
neutral_zero,1,20,0,7.7,0.04999999999999982,"[0, 0, 0]","[0.0, -0.0, 0.0]","[0.0, -0.0, 0.0]","[0.0, -0.0, -5.0]","[-0.0, 0.0, -0.0]","[0.0, -0.0, -0.0]","[0.0, 0.0, 0.0]","[0.0, 0.0, 0.0]","[0.0, 0.0, 0.0]","[0.0, 0.0, 0.0]","[0.0, 0.0, 0.0]","[-0.0, 0.0, -0.0]","[0.0, 0.0, 0.0]","[0.0, 0.0, 0.0]",0.0,0.95,False,,0.0,False,0.0,0.0
current_x_0.1,1,20,0,8.15,0.05000000000000071,"[0.1, 0, 0]","[0.0, -0.0, 0.0]","[5.0283480959478766e-05, -0.0, 0.0]","[1.6761160850364831e-06, -0.0, -5.0]","[-0.0, 0.0, -0.0]","[0.0, -0.0, -0.0]","[0.001005669619189561, 0.0, 0.0]","[0.0010056695900857449, 0.0, 0.0]","[0.011565200620679951, 0.0, 0.0]","[0.012173895390189423, 0.0, 0.0]","[0.0, 0.0, 0.0]","[1.7946000000000002, 0.0, -0.0]","[0.012173895390189423, 0.0, 0.0]","[7.412478260869566e-05, 0.0, 0.0]",2.3841301649216894e-05,0.95,False,0.006783626095057072,0.0,False,2.328306565558755e-10,2.3841301649216894e-05
current_x_0.2,1,20,0,8.6,0.049999999999998934,"[0.2, 0, 0]","[0.0, -0.0, 0.0]","[0.00020113392383791506, -0.0, 0.0]","[6.7044643401459325e-06, -0.0, -5.0]","[-0.0, 0.0, -0.0]","[0.0, -0.0, -0.0]","[0.004022678476758387, 0.0, 0.0]","[0.004022678360342979, 0.0, 0.0]","[0.04626080248272145, 0.0, 0.0]","[0.04869558156075942, 0.0, 0.0]","[0.0, 0.0, 0.0]","[7.178400000000001, 0.0, -0.0]","[0.04869558156075942, 0.0, 0.0]","[0.00029649913043478264, 0.0, 0.0]",9.536520659686758e-05,0.95,False,0.006783626095057313,0.0,False,6.984918594042655e-10,9.536520659686758e-05
current_x_0.4,1,20,0,9.05,0.05000000000000071,"[0.4, 0, 0]","[0.0, -0.0, 0.0]","[0.0008045356953516603, -0.0, 0.0]","[2.681785736058373e-05, -0.0, -5.0]","[-0.0, 0.0, -0.0]","[0.0, -0.0, -0.0]","[0.016090713907032976, 0.0, 0.0]","[0.016090713441371918, 0.0, 0.0]","[0.18504320993087922, 0.0, 0.0]","[0.19478232624303077, 0.0, 0.0]","[0.0, 0.0, 0.0]","[28.713600000000003, 0.0, -0.0]","[0.19478232624303077, 0.0, 0.0]","[0.0011859965217391306, 0.0, 0.0]",0.0003814608263874703,0.95,False,0.006783626095057072,0.0,False,5.5879352724858e-09,0.0003814608263874703
current_x_0.8,1,20,0,9.5,0.05000000000000071,"[0.8, 0, 0]","[0.0, -0.0, 0.0]","[0.003218142781406641, -0.0, 0.0]","[0.00010727142944233492, -0.0, -5.0]","[-0.0, 0.0, -0.0]","[0.0, -0.0, -0.0]","[0.0643628556281319, 0.0, 0.0]","[0.06436285376548767, 0.0, 0.0]","[0.7401728397235169, 0.0, 0.0]","[0.7791293049721231, 0.0, 0.0]","[0.0, 0.0, 0.0]","[114.85440000000001, 0.0, -0.0]","[0.7791293049721231, 0.0, 0.0]","[0.004743986086956522, 0.0, 0.0]",0.0015258433055498812,0.95,False,0.006783626095057072,0.0,False,1.4901160388935963e-08,0.0015258433055498812
current_x_negative,1,20,0,9.95,0.049999999999998934,"[-0.4, 0, 0]","[0.0, -0.0, 0.0]","[-0.0008045356953516603, -0.0, 0.0]","[-2.681785736058373e-05, -0.0, -5.0]","[-0.0, 0.0, -0.0]","[0.0, -0.0, -0.0]","[-0.01609071390703355, 0.0, 0.0]","[-0.016090713441371918, 0.0, 0.0]","[-0.1850432099308858, 0.0, 0.0]","[-0.19478232624303768, 0.0, 0.0]","[0.0, 0.0, 0.0]","[-28.713600000000003, 0.0, -0.0]","[-0.19478232624303768, 0.0, 0.0]","[-0.0011859965217391306, 0.0, 0.0]",0.0003814608263874703,0.95,False,0.006783626095057313,0.0,False,5.5879352724858e-09,0.0003814608263874703
current_1_-1,1,20,0,10.4,0.05000000000000071,"[0, -0.4, 0]","[0.0, -0.0, 0.0]","[0.0, -0.0008045356953516603, 0.0]","[0.0, -2.681785736058373e-05, -5.0]","[-0.0, 0.0, -0.0]","[0.0, -0.0, -0.0]","[0.0, -0.016090713907032976, 0.0]","[0.0, -0.016090713441371918, 0.0]","[0.0, -0.18504320993087922, 0.0]","[0.0, -0.19478232624303077, 0.0]","[0.0, 0.0, 0.0]","[-0.0, -28.713600000000003, -0.0]","[0.0, -0.19478232624303077, 0.0]","[0.0, -0.0011859965217391306, 0.0]",0.0003814608263874703,0.95,False,0.006783626095057072,0.0,False,5.5879352724858e-09,0.0003814608263874703
current_1_1,1,20,0,10.85,0.049999999999998934,"[0, 0.4, 0]","[0.0, -0.0, 0.0]","[0.0, 0.0008045356953516603, 0.0]","[0.0, 2.681785736058373e-05, -5.0]","[-0.0, 0.0, -0.0]","[0.0, -0.0, -0.0]","[0.0, 0.01609071390703355, 0.0]","[0.0, 0.016090713441371918, 0.0]","[0.0, 0.1850432099308858, 0.0]","[0.0, 0.19478232624303768, 0.0]","[0.0, 0.0, 0.0]","[-0.0, 28.713600000000003, -0.0]","[0.0, 0.19478232624303768, 0.0]","[0.0, 0.0011859965217391306, 0.0]",0.0003814608263874703,0.95,False,0.006783626095057313,0.0,False,5.587935709636116e-09,0.0003814608263874703
current_2_-1,1,20,0,11.3,0.05000000000000071,"[0, 0, -0.4]","[0.0, -0.0, 0.0]","[0.0, -0.0, -0.0008045356953516603]","[0.0, -0.0, -5.000026702880859]","[-0.0, 0.0, -0.0]","[0.0, -0.0, -0.0]","[0.0, 0.0, -0.016090713907032976]","[0.0, 0.0, -0.016090713441371918]","[0.0, 0.0, -0.18504320993087922]","[0.0, 0.0, -0.19478232624303077]","[0.0, 0.0, 0.0]","[-0.0, 0.0, -28.713600000000003]","[0.0, 0.0, -0.19478232624303077]","[0.0, 0.0, -0.0011859965217391306]",0.0003814608263874703,0.95,False,0.006783626095057072,0.0,False,5.5879352724858e-09,0.0003814608263874703
current_2_1,1,20,0,11.75,0.05000000000000071,"[0, 0, 0.4]","[0.0, -0.0, 0.0]","[0.0, -0.0, 0.0008045356953516603]","[0.0, -0.0, -4.999973297119141]","[-0.0, 0.0, -0.0]","[0.0, -0.0, -0.0]","[0.0, 0.0, 0.016090713907032976]","[0.0, 0.0, 0.016090713441371918]","[0.0, 0.0, 0.18504320993087922]","[0.0, 0.0, 0.19478232624303077]","[0.0, 0.0, 0.0]","[-0.0, 0.0, 28.713600000000003]","[0.0, 0.0, 0.19478232624303077]","[0.0, 0.0, 0.0011859965217391306]",0.0003814608263874703,0.95,False,0.006783626095057072,0.0,False,5.587935709636116e-09,0.0003814608263874703
yaw90_world_current,1,20,0,12.2,0.049999999999998934,"[0.4, 0, 0]","[0.0, -0.0, 0.0]","[0.0008045356953516603, -0.0, 0.0]","[2.681785736058373e-05, -3.3306689994292145e-18, -5.0]","[-0.0, 0.0, -0.0]","[0.0, -0.0, 90.00000762939453]","[0.01609071390703355, 0.0, 0.0]","[0.016090713441371918, 0.0, 0.0]","[0.1850432099308858, 0.0, 0.0]","[0.19478232624303768, 0.0, 0.0]","[0.0, 0.0, 0.0]","[28.713600000000003, 0.0, -0.0]","[0.19478232624303768, 0.0, 0.0]","[0.0011859965217391306, 0.0, 0.0]",0.0003814608263874703,0.95,False,0.006783626095057313,0.0,False,5.5879352724858e-09,0.0003814608263874703
thrust_0_10N,1,20,0,12.65,0.05000000000000071,"[0, 0, 0]","[0.0, -0.0, 0.0]","[0.02801932394504547, -0.0, 0.0]","[0.0009339775424450636, -0.0, -5.0]","[-0.0, 0.0, -0.0]","[0.0, -0.0, -0.0]","[0.5603864789009014, 0.0, 0.0]","[0.5603864789009094, 0.0, 0.0]","[6.444444507360366, 0.0, 0.0]","[6.783625797221439, 0.0, 0.0]","[10, 0.0, 0.0]","[-0.0, 0.0, -0.0]","[-3.216374202778561, 0.0, 0.0]","[0.041304347826086954, 0.0, 0.0]",0.013285023881041483,0.95,False,,0.0,False,1.490116022240251e-07,0.013285023881041483
thrust_1_10N,1,20,0,13.1,0.049999999999998934,"[0, 0, 0]","[0.0, -0.0, 0.0]","[0.0, 0.02801932394504547, 0.0]","[0.0, 0.0009339775424450636, -5.0]","[-0.0, -2.202285834517314e-22, 1.4432900445092668e-17]","[0.0, -0.0, -0.0]","[0.0, 0.5603864789009214, 0.0]","[0.0, 0.5603864789009094, 0.0]","[0.0, 6.444444507360596, 0.0]","[0.0, 6.78362579722168, 0.0]","[0.0, 10, 0.0]","[-0.0, 0.0, -0.0]","[0.0, -3.2163742027783204, 0.0]","[0.0, 0.041304347826086954, 0.0]",0.013285023881041483,0.95,False,,9.881381241083211e-17,False,1.490116183777701e-07,0.013285023881041483
thrust_2_10N,1,20,0,13.55,0.05000000000000071,"[0, 0, 0]","[0.0, -0.0, 0.0]","[0.0, -0.0, 0.02801932394504547]","[0.0, -0.0, -4.99906587600708]","[-0.0, 4.933120026980713e-20, -0.0]","[0.0, -0.0, -0.0]","[0.0, 0.0, 0.5603864789009014]","[0.0, 0.0, 0.5603864789009094]","[0.0, 0.0, 6.444444507360366]","[0.0, 0.0, 6.783625797221439]","[0.0, 0.0, 10]","[-0.0, 0.0, -0.0]","[0.0, 0.0, -3.216374202778561]","[0.0, 0.0, 0.041304347826086954]",0.013285023881041483,0.95,False,,3.61791480836619e-19,False,1.490116022240251e-07,0.013285023881041483
gravity_air,1,20,0,14.0,0.05000000000000071,"[0, 0, 0]","[0, 0, 0]","[0.0, -0.0, -0.31577780842781067]","[0.0, -0.0, 19.989473342895508]","[-0.0, 0.0, -0.0]","[0.0, -0.0, -0.0]","[0.0, -0.0, -6.315556168556124]","[0.0, 0.0, -6.315556049346924]","[0.0, -0.0, -72.62889593839542]","[0.0, -0.0, -76.45146940883728]","[0.0, 0.0, 0.0]","[0, 0, 0]","[0.0, -0.0, 36.24853059116272]","[0.0, 0.0, -0.4655]",0.14972219157218936,0.95,False,,0.0,False,9.536742409110843e-07,0.14972219157218936
moving_zero_current,1,20,0,14.45,0.049999999999998934,"[0, 0, 0]","[0.3866666555404663, -0.0, 0.0]","[0.3730259835720062, -0.0, 0.0]","[0.025323089212179184, -0.0, -5.0]","[-0.0, 0.0, -0.0]","[0.0, -0.0, -0.0]","[-0.2728134393692075, 0.0, 0.0]","[-0.2728136479854584, 0.0, 0.0]","[-3.137354552745886, 0.0, 0.0]","[1.3782231431258707, 0.0, 0.0]","[0.0, 0.0, 0.0]","[-26.831262455879237, 0.0, -0.0]","[1.3782231431258707, 0.0, 0.0]","[0.3662250749663523, 0.0, 0.0]",0.00680090860565391,0.95,False,-0.05136631738414068,0.0,False,3.129243821009542e-07,0.00680090860565391
moving_matched_current,1,20,0,14.9,0.05000000000000071,"[0.3866666555404663, -0.0, 0.0]","[0.3866666555404663, -0.0, 0.0]","[0.3737777769565582, -0.0, 0.0]","[0.025348149240016937, -0.0, -5.0]","[-0.0, 0.0, -0.0]","[0.0, -0.0, -0.0]","[-0.25777757167815796, 0.0, 0.0]","[-0.25777778029441833, 0.0, 0.0]","[-2.9644420742988165, 0.0, 0.0]","[1.5602362783331425, 0.0, 0.0]","[0.0, 0.0, 0.0]","[-0.0, -0.0, -0.0]","[1.5602362783331425, 0.0, 0.0]","[0.367333322763443, 0.0, 0.0]",0.006444454193115234,0.95,False,,0.0,False,4.917383145952581e-07,0.006444454193115234
neutral_zero,2,20,0,15.35,0.049999999999998934,"[0, 0, 0]","[0.0, -0.0, 0.0]","[0.0, -0.0, 0.0]","[0.0, -0.0, -5.0]","[-0.0, 0.0, -0.0]","[0.0, -0.0, -0.0]","[0.0, 0.0, 0.0]","[0.0, 0.0, 0.0]","[0.0, 0.0, 0.0]","[0.0, 0.0, 0.0]","[0.0, 0.0, 0.0]","[-0.0, 0.0, -0.0]","[0.0, 0.0, 0.0]","[0.0, 0.0, 0.0]",0.0,0.95,False,,0.0,False,0.0,0.0
current_x_0.1,2,20,0,15.8,0.05000000000000071,"[0.1, 0, 0]","[0.0, -0.0, 0.0]","[5.0283480959478766e-05, -0.0, 0.0]","[1.6761160850364831e-06, -0.0, -5.0]","[-0.0, 0.0, -0.0]","[0.0, -0.0, -0.0]","[0.001005669619189561, 0.0, 0.0]","[0.0010056695900857449, 0.0, 0.0]","[0.011565200620679951, 0.0, 0.0]","[0.012173895390189423, 0.0, 0.0]","[0.0, 0.0, 0.0]","[1.7946000000000002, 0.0, -0.0]","[0.012173895390189423, 0.0, 0.0]","[7.412478260869566e-05, 0.0, 0.0]",2.3841301649216894e-05,0.95,False,0.006783626095057072,0.0,False,2.3283062435507096e-10,2.3841301649216894e-05
current_x_0.2,2,20,0,16.25,0.05000000000000071,"[0.2, 0, 0]","[0.0, -0.0, 0.0]","[0.00020113392383791506, -0.0, 0.0]","[6.7044643401459325e-06, -0.0, -5.0]","[-0.0, 0.0, -0.0]","[0.0, -0.0, -0.0]","[0.004022678476758244, 0.0, 0.0]","[0.004022678360342979, 0.0, 0.0]","[0.046260802482719805, 0.0, 0.0]","[0.04869558156075769, 0.0, 0.0]","[0.0, 0.0, 0.0]","[7.178400000000001, 0.0, -0.0]","[0.04869558156075769, 0.0, 0.0]","[0.00029649913043478264, 0.0, 0.0]",9.536520659686758e-05,0.95,False,0.006783626095057072,0.0,False,6.984919786665045e-10,9.536520659686758e-05
current_x_0.4,2,20,0,16.7,0.05000000000000071,"[0.4, 0, 0]","[0.0, -0.0, 0.0]","[0.0008045356953516603, -0.0, 0.0]","[2.681785736058373e-05, -0.0, -5.0]","[-0.0, 0.0, -0.0]","[0.0, -0.0, -0.0]","[0.016090713907032976, 0.0, 0.0]","[0.016090713441371918, 0.0, 0.0]","[0.18504320993087922, 0.0, 0.0]","[0.19478232624303077, 0.0, 0.0]","[0.0, 0.0, 0.0]","[28.713600000000003, 0.0, -0.0]","[0.19478232624303077, 0.0, 0.0]","[0.0011859965217391306, 0.0, 0.0]",0.0003814608263874703,0.95,False,0.006783626095057072,0.0,False,5.5879352724858e-09,0.0003814608263874703
current_x_0.8,2,20,0,17.15,0.04999999999999716,"[0.8, 0, 0]","[0.0, -0.0, 0.0]","[0.003218142781406641, -0.0, 0.0]","[0.00010727142944233492, -0.0, -5.0]","[-0.0, 0.0, -0.0]","[0.0, -0.0, -0.0]","[0.06436285562813648, 0.0, 0.0]","[0.06436285376548767, 0.0, 0.0]","[0.7401728397235696, 0.0, 0.0]","[0.7791293049721785, 0.0, 0.0]","[0.0, 0.0, 0.0]","[114.85440000000001, 0.0, -0.0]","[0.7791293049721785, 0.0, 0.0]","[0.004743986086956522, 0.0, 0.0]",0.0015258433055498812,0.95,False,0.006783626095057554,0.0,False,1.4901160388935963e-08,0.0015258433055498812
current_x_negative,2,20,0,17.6,0.05000000000000071,"[-0.4, 0, 0]","[0.0, -0.0, 0.0]","[-0.0008045356953516603, -0.0, 0.0]","[-2.681785736058373e-05, -0.0, -5.0]","[-0.0, 0.0, -0.0]","[0.0, -0.0, -0.0]","[-0.016090713907032976, 0.0, 0.0]","[-0.016090713441371918, 0.0, 0.0]","[-0.18504320993087922, 0.0, 0.0]","[-0.19478232624303077, 0.0, 0.0]","[0.0, 0.0, 0.0]","[-28.713600000000003, 0.0, -0.0]","[-0.19478232624303077, 0.0, 0.0]","[-0.0011859965217391306, 0.0, 0.0]",0.0003814608263874703,0.95,False,0.006783626095057072,0.0,False,5.5879352724858e-09,0.0003814608263874703
current_1_-1,2,20,0,18.05,0.05000000000000071,"[0, -0.4, 0]","[0.0, -0.0, 0.0]","[0.0, -0.0008045356953516603, 0.0]","[0.0, -2.681785736058373e-05, -5.0]","[-0.0, 0.0, -0.0]","[0.0, -0.0, -0.0]","[0.0, -0.016090713907032976, 0.0]","[0.0, -0.016090713441371918, 0.0]","[0.0, -0.18504320993087922, 0.0]","[0.0, -0.19478232624303077, 0.0]","[0.0, 0.0, 0.0]","[-0.0, -28.713600000000003, -0.0]","[0.0, -0.19478232624303077, 0.0]","[0.0, -0.0011859965217391306, 0.0]",0.0003814608263874703,0.95,False,0.006783626095057072,0.0,False,5.587936148521155e-09,0.0003814608263874703
current_1_1,2,20,0,18.5,0.05000000000000071,"[0, 0.4, 0]","[0.0, -0.0, 0.0]","[0.0, 0.0008045356953516603, 0.0]","[0.0, 2.681785736058373e-05, -5.0]","[-0.0, 0.0, -0.0]","[0.0, -0.0, -0.0]","[0.0, 0.016090713907032976, 0.0]","[0.0, 0.016090713441371918, 0.0]","[0.0, 0.18504320993087922, 0.0]","[0.0, 0.19478232624303077, 0.0]","[0.0, 0.0, 0.0]","[-0.0, 28.713600000000003, -0.0]","[0.0, 0.19478232624303077, 0.0]","[0.0, 0.0011859965217391306, 0.0]",0.0003814608263874703,0.95,False,0.006783626095057072,0.0,False,5.5879352724858e-09,0.0003814608263874703
current_2_-1,2,20,0,18.95,0.05000000000000071,"[0, 0, -0.4]","[0.0, -0.0, 0.0]","[0.0, -0.0, -0.0008045356953516603]","[0.0, -0.0, -5.000026702880859]","[-0.0, 0.0, -0.0]","[0.0, -0.0, -0.0]","[0.0, 0.0, -0.016090713907032976]","[0.0, 0.0, -0.016090713441371918]","[0.0, 0.0, -0.18504320993087922]","[0.0, 0.0, -0.19478232624303077]","[0.0, 0.0, 0.0]","[-0.0, 0.0, -28.713600000000003]","[0.0, 0.0, -0.19478232624303077]","[0.0, 0.0, -0.0011859965217391306]",0.0003814608263874703,0.95,False,0.006783626095057072,0.0,False,5.5879352724858e-09,0.0003814608263874703
current_2_1,2,20,0,19.4,0.04999999999999716,"[0, 0, 0.4]","[0.0, -0.0, 0.0]","[0.0, -0.0, 0.0008045356953516603]","[0.0, -0.0, -4.999973297119141]","[-0.0, 0.0, -0.0]","[0.0, -0.0, -0.0]","[0.0, 0.0, 0.01609071390703412]","[0.0, 0.0, 0.016090713441371918]","[0.0, 0.0, 0.1850432099308924]","[0.0, 0.0, 0.19478232624304462]","[0.0, 0.0, 0.0]","[-0.0, 0.0, 28.713600000000003]","[0.0, 0.0, 0.19478232624304462]","[0.0, 0.0, 0.0011859965217391306]",0.0003814608263874703,0.95,False,0.006783626095057554,0.0,False,5.5879352724858e-09,0.0003814608263874703
yaw90_world_current,2,20,0,19.85,0.05000000000000071,"[0.4, 0, 0]","[0.0, -0.0, 0.0]","[0.0008045356953516603, -0.0, 0.0]","[2.681785736058373e-05, -3.3306689994292145e-18, -5.0]","[-0.0, 0.0, -0.0]","[0.0, -0.0, 90.00000762939453]","[0.016090713907032976, 0.0, 0.0]","[0.016090713441371918, 0.0, 0.0]","[0.18504320993087922, 0.0, 0.0]","[0.19478232624303077, 0.0, 0.0]","[0.0, 0.0, 0.0]","[28.713600000000003, 0.0, -0.0]","[0.19478232624303077, 0.0, 0.0]","[0.0011859965217391306, 0.0, 0.0]",0.0003814608263874703,0.95,False,0.006783626095057072,0.0,False,5.5879352724858e-09,0.0003814608263874703
thrust_0_10N,2,20,0,20.3,0.05000000000000071,"[0, 0, 0]","[0.0, -0.0, 0.0]","[0.02801932394504547, -0.0, 0.0]","[0.0009339775424450636, -0.0, -5.0]","[-0.0, 0.0, -0.0]","[0.0, -0.0, -0.0]","[0.5603864789009014, 0.0, 0.0]","[0.5603864789009094, 0.0, 0.0]","[6.444444507360366, 0.0, 0.0]","[6.783625797221439, 0.0, 0.0]","[10, 0.0, 0.0]","[-0.0, 0.0, -0.0]","[-3.216374202778561, 0.0, 0.0]","[0.041304347826086954, 0.0, 0.0]",0.013285023881041483,0.95,False,,0.0,False,1.490116183777701e-07,0.013285023881041483
thrust_1_10N,2,20,0,20.75,0.05000000000000071,"[0, 0, 0]","[0.0, -0.0, 0.0]","[0.0, 0.02801932394504547, 0.0]","[0.0, 0.0009339775424450636, -5.0]","[-0.0, -2.202285834517314e-22, 1.4432900445092668e-17]","[0.0, -0.0, -0.0]","[0.0, 0.5603864789009014, 0.0]","[0.0, 0.5603864789009094, 0.0]","[0.0, 6.444444507360366, 0.0]","[0.0, 6.783625797221439, 0.0]","[0.0, 10, 0.0]","[-0.0, 0.0, -0.0]","[0.0, -3.216374202778561, 0.0]","[0.0, 0.041304347826086954, 0.0]",0.013285023881041483,0.95,False,,9.881381241083211e-17,False,1.490116183777701e-07,0.013285023881041483
thrust_2_10N,2,20,0,21.2,0.05000000000000071,"[0, 0, 0]","[0.0, -0.0, 0.0]","[0.0, -0.0, 0.02801932394504547]","[0.0, -0.0, -4.99906587600708]","[-0.0, 4.933120026980713e-20, -0.0]","[0.0, -0.0, -0.0]","[0.0, 0.0, 0.5603864789009014]","[0.0, 0.0, 0.5603864789009094]","[0.0, 0.0, 6.444444507360366]","[0.0, 0.0, 6.783625797221439]","[0.0, 0.0, 10]","[-0.0, 0.0, -0.0]","[0.0, 0.0, -3.216374202778561]","[0.0, 0.0, 0.041304347826086954]",0.013285023881041483,0.95,False,,3.61791480836619e-19,False,1.490116183777701e-07,0.013285023881041483
gravity_air,2,20,0,21.65,0.04999999999999716,"[0, 0, 0]","[0, 0, 0]","[0.0, -0.0, -0.31577780842781067]","[0.0, -0.0, 19.989473342895508]","[-0.0, 0.0, -0.0]","[0.0, -0.0, -0.0]","[0.0, -0.0, -6.315556168556572]","[0.0, 0.0, -6.315556049346924]","[0.0, -0.0, -72.62889593840058]","[0.0, -0.0, -76.45146940884271]","[0.0, 0.0, 0.0]","[0, 0, 0]","[0.0, -0.0, 36.24853059115729]","[0.0, 0.0, -0.4655]",0.14972219157218936,0.95,False,,0.0,False,9.536746192750911e-07,0.14972219157218936
moving_zero_current,2,20,0,22.1,0.05000000000000071,"[0, 0, 0]","[0.3866666555404663, -0.0, 0.0]","[0.3730259835720062, -0.0, 0.0]","[0.025323089212179184, -0.0, -5.0]","[-0.0, 0.0, -0.0]","[0.0, -0.0, -0.0]","[-0.2728134393691978, 0.0, 0.0]","[-0.2728136479854584, 0.0, 0.0]","[-3.1373545527457742, 0.0, 0.0]","[1.3782231431258216, 0.0, 0.0]","[0.0, 0.0, 0.0]","[-26.831262455879237, 0.0, -0.0]","[1.3782231431258216, 0.0, 0.0]","[0.3662250749663523, 0.0, 0.0]",0.00680090860565391,0.95,False,-0.05136631738413884,0.0,False,3.129243821009542e-07,0.00680090860565391
moving_matched_current,2,20,0,22.55,0.05000000000000071,"[0.3866666555404663, -0.0, 0.0]","[0.3866666555404663, -0.0, 0.0]","[0.3737777769565582, -0.0, 0.0]","[0.025348149240016937, -0.0, -5.0]","[-0.0, 0.0, -0.0]","[0.0, -0.0, -0.0]","[-0.25777757167815796, 0.0, 0.0]","[-0.25777778029441833, 0.0, 0.0]","[-2.9644420742988165, 0.0, 0.0]","[1.5602362783331425, 0.0, 0.0]","[0.0, 0.0, 0.0]","[-0.0, -0.0, -0.0]","[1.5602362783331425, 0.0, 0.0]","[0.367333322763443, 0.0, 0.0]",0.006444454193115234,0.95,False,,0.0,False,4.917383225888639e-07,0.006444454193115234
neutral_zero,0,100,0,0.01,0.01,"[0, 0, 0]","[0.0, -0.0, 0.0]","[0.0, -0.0, 0.0]","[0.0, -0.0, -5.0]","[-0.0, 0.0, -0.0]","[0.0, -0.0, -0.0]","[0.0, 0.0, 0.0]","[0.0, 0.0, 0.0]","[0.0, 0.0, 0.0]","[0.0, 0.0, 0.0]","[0.0, 0.0, 0.0]","[-0.0, 0.0, -0.0]","[0.0, 0.0, 0.0]","[0.0, 0.0, 0.0]",0.0,0.99,False,,0.0,False,0.0,0.0
current_x_0.1,0,100,0,0.1,0.010000000000000009,"[0.1, 0, 0]","[0.0, -0.0, 0.0]","[1.544916449347511e-05, -0.0, 0.0]","[0.0, -0.0, -5.0]","[-0.0, 0.0, -0.0]","[0.0, -0.0, -0.0]","[0.0015449164493475096, 0.0, 0.0]","[0.0015449165366590023, 0.0, 0.0]","[0.017766539167496362, 0.0, 0.0]","[0.01794599915908723, 0.0, 0.0]","[0.0, 0.0, 0.0]","[1.7946000000000002, 0.0, -0.0]","[0.01794599915908723, 0.0, 0.0]","[1.544916521739131e-05, 0.0, 0.0]",7.239162001511194e-13,0.99,False,0.0099999995314205,0.0,False,4.074536292131975e-10,3.5087432769366836e-12
current_x_0.2,0,100,0,0.19,0.010000000000000009,"[0.2, 0, 0]","[0.0, -0.0, 0.0]","[6.179665797390044e-05, -0.0, 0.0]","[0.0, -0.0, -5.0]","[-0.0, 0.0, -0.0]","[0.0, -0.0, -0.0]","[0.0061796657973900385, 0.0, 0.0]","[0.006179666146636009, 0.0, 0.0]","[0.07106615666998545, 0.0, 0.0]","[0.07178399663634892, 0.0, 0.0]","[0.0, 0.0, 0.0]","[7.178400000000001, 0.0, -0.0]","[0.07178399663634892, 0.0, 0.0]","[6.179666086956524e-05, 0.0, 0.0]",2.8956648006044777e-12,0.99,False,0.0099999995314205,0.0,False,9.31322579819649e-10,1.1583586900006798e-11
current_x_0.4,0,100,0,0.28,0.010000000000000009,"[0.4, 0, 0]","[0.0, -0.0, 0.0]","[0.00024718663189560175, -0.0, 0.0]","[2.4718663098610705e-06, -0.0, -5.0]","[-0.0, 0.0, -0.0]","[0.0, -0.0, -0.0]","[0.024718663189560154, 0.0, 0.0]","[0.024718664586544037, 0.0, 0.0]","[0.2842646266799418, 0.0, 0.0]","[0.2871359865453957, 0.0, 0.0]","[0.0, 0.0, 0.0]","[28.713600000000003, 0.0, -0.0]","[0.2871359865453957, 0.0, 0.0]","[0.00024718664347826095, 0.0, 0.0]",1.1582659202417911e-11,0.99,False,0.0099999995314205,0.0,False,7.916241905048249e-09,7.313199893756173e-11
current_x_0.8,0,100,0,0.37,0.010000000000000009,"[0.8, 0, 0]","[0.0, -0.0, 0.0]","[0.000988746527582407, -0.0, 0.0]","[9.887465239444282e-06, -0.0, -5.0]","[-0.0, 0.0, -0.0]","[0.0, -0.0, -0.0]","[0.09887465275824062, 0.0, 0.0]","[0.09887465834617615, 0.0, 0.0]","[1.1370585067197672, 0.0, 0.0]","[1.1485439461815827, 0.0, 0.0]","[0.0, 0.0, 0.0]","[114.85440000000001, 0.0, -0.0]","[1.1485439461815827, 0.0, 0.0]","[0.0009887465739130438, 0.0, 0.0]",4.6330636809671644e-11,0.99,False,0.0099999995314205,0.0,False,1.8626451575576297e-08,2.2096165001872503e-10
current_x_negative,0,100,0,0.46,0.010000000000000009,"[-0.4, 0, 0]","[0.0, -0.0, 0.0]","[-0.00024718663189560175, -0.0, 0.0]","[-2.4718663098610705e-06, -0.0, -5.0]","[-0.0, 0.0, -0.0]","[0.0, -0.0, -0.0]","[-0.024718663189560154, 0.0, 0.0]","[-0.024718664586544037, 0.0, 0.0]","[-0.2842646266799418, 0.0, 0.0]","[-0.2871359865453957, 0.0, 0.0]","[0.0, 0.0, 0.0]","[-28.713600000000003, 0.0, -0.0]","[-0.2871359865453957, 0.0, 0.0]","[-0.00024718664347826095, 0.0, 0.0]",1.1582659202417911e-11,0.99,False,0.0099999995314205,0.0,False,7.916241905048249e-09,7.313199893756173e-11
current_1_-1,0,100,0,0.55,0.010000000000000009,"[0, -0.4, 0]","[0.0, -0.0, 0.0]","[0.0, -0.00024718663189560175, 0.0]","[0.0, -2.4718663098610705e-06, -5.0]","[-0.0, 0.0, -0.0]","[0.0, -0.0, -0.0]","[0.0, -0.024718663189560154, 0.0]","[0.0, -0.024718664586544037, 0.0]","[0.0, -0.2842646266799418, 0.0]","[0.0, -0.2871359865453957, 0.0]","[0.0, 0.0, 0.0]","[-0.0, -28.713600000000003, -0.0]","[0.0, -0.2871359865453957, 0.0]","[0.0, -0.00024718664347826095, 0.0]",1.1582659202417911e-11,0.99,False,0.0099999995314205,0.0,False,7.916241905048249e-09,7.313199893756173e-11
current_1_1,0,100,0,0.64,0.010000000000000009,"[0, 0.4, 0]","[0.0, -0.0, 0.0]","[0.0, 0.00024718663189560175, 0.0]","[0.0, 2.4718663098610705e-06, -5.0]","[-0.0, 0.0, -0.0]","[0.0, -0.0, -0.0]","[0.0, 0.024718663189560154, 0.0]","[0.0, 0.024718664586544037, 0.0]","[0.0, 0.2842646266799418, 0.0]","[0.0, 0.2871359865453957, 0.0]","[0.0, 0.0, 0.0]","[-0.0, 28.713600000000003, -0.0]","[0.0, 0.2871359865453957, 0.0]","[0.0, 0.00024718664347826095, 0.0]",1.1582659202417911e-11,0.99,False,0.0099999995314205,0.0,False,7.916241644839728e-09,7.313199893756173e-11
current_2_-1,0,100,0,0.73,0.010000000000000009,"[0, 0, -0.4]","[0.0, -0.0, 0.0]","[0.0, -0.0, -0.00024718663189560175]","[0.0, -0.0, -5.000002384185791]","[-0.0, 0.0, -0.0]","[0.0, -0.0, -0.0]","[0.0, 0.0, -0.024718663189560154]","[0.0, 0.0, -0.024718664586544037]","[0.0, 0.0, -0.2842646266799418]","[0.0, 0.0, -0.2871359865453957]","[0.0, 0.0, 0.0]","[-0.0, 0.0, -28.713600000000003]","[0.0, 0.0, -0.2871359865453957]","[0.0, 0.0, -0.00024718664347826095]",1.1582659202417911e-11,0.99,False,0.0099999995314205,0.0,False,7.916241905048249e-09,7.313199893756173e-11
current_2_1,0,100,0,0.82,0.009999999999999898,"[0, 0, 0.4]","[0.0, -0.0, 0.0]","[0.0, -0.0, 0.00024718663189560175]","[0.0, -0.0, -4.999997615814209]","[-0.0, 0.0, -0.0]","[0.0, -0.0, -0.0]","[0.0, 0.0, 0.024718663189560428]","[0.0, 0.0, 0.024718664586544037]","[0.0, 0.0, 0.2842646266799449]","[0.0, 0.0, 0.28713598654539885]","[0.0, 0.0, 0.0]","[-0.0, 0.0, 28.713600000000003]","[0.0, 0.0, 0.28713598654539885]","[0.0, 0.0, 0.00024718664347826095]",1.1582659202417911e-11,0.99,False,0.00999999953142061,0.0,False,7.916241905048249e-09,7.313199893756173e-11
yaw90_world_current,0,100,0,0.91,0.010000000000000009,"[0.4, 0, 0]","[0.0, -0.0, 0.0]","[0.00024718663189560175, -0.0, 0.0]","[2.4718663098610705e-06, -3.3306689994292145e-18, -5.0]","[-0.0, 0.0, -0.0]","[0.0, -0.0, 90.00000762939453]","[0.024718663189560154, 0.0, 0.0]","[0.024718664586544037, 0.0, 0.0]","[0.2842646266799418, 0.0, 0.0]","[0.2871359865453957, 0.0, 0.0]","[0.0, 0.0, 0.0]","[28.713600000000003, 0.0, -0.0]","[0.2871359865453957, 0.0, 0.0]","[0.00024718664347826095, 0.0, 0.0]",1.1582659202417911e-11,0.99,False,0.0099999995314205,0.0,False,7.916241905048249e-09,7.313199893756173e-11
thrust_0_10N,0,100,0,1.0,0.010000000000000009,"[0, 0, 0]","[0.0, -0.0, 0.0]","[0.00860869511961937, -0.0, 0.0]","[8.608694770373404e-05, -0.0, -5.0]","[-0.0, 0.0, -0.0]","[0.0, -0.0, -0.0]","[0.8608695119619362, 0.0, 0.0]","[0.8608695268630981, 0.0, 0.0]","[9.899999387562266, 0.0, 0.0]","[9.999999381376027, 0.0, 0.0]","[10, 0.0, 0.0]","[-0.0, 0.0, -0.0]","[-6.186239733807497e-07, 0.0, 0.0]","[0.008608695652173913, 0.0, 0.0]",5.325545438666923e-10,0.99,False,,0.0,False,1.5646219175824427e-07,1.341494013096245e-09
thrust_1_10N,0,100,0,1.09,0.010000000000000009,"[0, 0, 0]","[0.0, -0.0, 0.0]","[0.0, 0.00860869511961937, 0.0]","[0.0, 8.608694770373404e-05, -5.0]","[-0.0, -6.725441220526426e-23, 4.407585158284199e-18]","[0.0, -0.0, -0.0]","[0.0, 0.8608695119619362, 0.0]","[0.0, 0.8608695268630981, 0.0]","[0.0, 9.899999387562266, 0.0]","[0.0, 9.999999381376027, 0.0]","[0.0, 10, 0.0]","[-0.0, 0.0, -0.0]","[0.0, -6.186239733807497e-07, 0.0]","[0.0, 0.008608695652173913, 0.0]",5.325545438666923e-10,0.99,False,,3.43488436841678e-17,False,1.5646219175824427e-07,1.341494013096245e-09
thrust_2_10N,0,100,0,1.18,0.010000000000000009,"[0, 0, 0]","[0.0, -0.0, 0.0]","[0.0, -0.0, 0.00860869511961937]","[0.0, -0.0, -4.999913692474365]","[-0.0, 1.5064988132030803e-20, -0.0]","[0.0, -0.0, -0.0]","[0.0, 0.0, 0.8608695119619362]","[0.0, 0.0, 0.8608695268630981]","[0.0, 0.0, 9.899999387562266]","[0.0, 0.0, 9.999999381376027]","[0.0, 0.0, 10]","[-0.0, 0.0, -0.0]","[0.0, 0.0, -6.186239733807497e-07]","[0.0, 0.0, 0.008608695652173913]",5.325545438666923e-10,0.99,False,,1.1740326945390561e-19,False,1.5646219175824427e-07,1.341494013096245e-09
gravity_air,0,100,0,1.27,0.010000000000000009,"[0, 0, 0]","[0, 0, 0]","[0.0, -0.0, -0.09702000021934509]","[0.0, -0.0, 19.9990291595459]","[-0.0, 0.0, -0.0]","[0.0, -0.0, -0.0]","[0.0, -0.0, -9.7020000219345]","[0.0, 0.0, -9.702000617980957]","[0.0, -0.0, -111.57300025224676]","[0.0, -0.0, -112.7000002547947]","[0.0, 0.0, 0.0]","[0, 0, 0]","[0.0, -0.0, -2.547946991171557e-07]","[0.0, 0.0, -0.09702000000000001]",2.1934508376286743e-10,0.99,False,,0.0,False,2.6226043612354033e-06,2.7637481747611048e-08
moving_zero_current,0,100,0,1.36,0.010000000000000009,"[0, 0, 0]","[0.3959999978542328, -0.0, 0.0]","[0.3917977213859558, -0.0, 0.0]","[0.007877976633608341, -0.0, -5.0]","[-0.0, 0.0, -0.0]","[0.0, -0.0, -0.0]","[-0.42022764682769737, 0.0, 0.0]","[-0.4202267527580261, 0.0, 0.0]","[-4.83261793851852, 0.0, 0.0]","[-0.2814322860553828, 0.0, 0.0]","[0.0, 0.0, 0.0]","[-28.14219905501713, 0.0, -0.0]","[-0.2814322860553828, 0.0, 0.0]","[0.3917977302490429, 0.0, 0.0]",8.863087097576994e-09,0.99,False,0.010000365838689127,0.0,False,1.0132789615147075e-06,1.0215361945231649e-08
moving_matched_current,0,100,0,1.45,0.010000000000000009,"[0.3959999978542328, -0.0, 0.0]","[0.3959999978542328, -0.0, 0.0]","[0.3920399844646454, -0.0, 0.0]","[0.00788039993494749, -0.0, -5.0]","[-0.0, 0.0, -0.0]","[0.0, -0.0, -0.0]","[-0.3960013389587399, 0.0, 0.0]","[-0.3959999978542328, 0.0, 0.0]","[-4.554015398025509, 0.0, 0.0]","[-1.5578486720069215e-05, 0.0, 0.0]","[0.0, 0.0, 0.0]","[-0.0, -0.0, -0.0]","[-1.5578486720069215e-05, 0.0, 0.0]","[0.39203999787569044, 0.0, 0.0]",1.341104505225843e-08,0.99,False,,0.0,False,1.3411045071132222e-06,1.341104505225843e-08
neutral_zero,1,100,0,1.54,0.010000000000000009,"[0, 0, 0]","[0.0, -0.0, 0.0]","[0.0, -0.0, 0.0]","[0.0, -0.0, -5.0]","[-0.0, 0.0, -0.0]","[0.0, -0.0, -0.0]","[0.0, 0.0, 0.0]","[0.0, 0.0, 0.0]","[0.0, 0.0, 0.0]","[0.0, 0.0, 0.0]","[0.0, 0.0, 0.0]","[-0.0, 0.0, -0.0]","[0.0, 0.0, 0.0]","[0.0, 0.0, 0.0]",0.0,0.99,False,,0.0,False,0.0,0.0
current_x_0.1,1,100,0,1.63,0.009999999999999787,"[0.1, 0, 0]","[0.0, -0.0, 0.0]","[1.544916449347511e-05, -0.0, 0.0]","[0.0, -0.0, -5.0]","[-0.0, 0.0, -0.0]","[0.0, -0.0, -0.0]","[0.001544916449347544, 0.0, 0.0]","[0.0015449165366590023, 0.0, 0.0]","[0.017766539167496754, 0.0, 0.0]","[0.01794599915908763, 0.0, 0.0]","[0.0, 0.0, 0.0]","[1.7946000000000002, 0.0, -0.0]","[0.01794599915908763, 0.0, 0.0]","[1.544916521739131e-05, 0.0, 0.0]",7.239162001511194e-13,0.99,False,0.009999999531420722,0.0,False,4.0745362509322924e-10,3.5087432769366836e-12
current_x_0.2,1,100,0,1.72,0.010000000000000009,"[0.2, 0, 0]","[0.0, -0.0, 0.0]","[6.179665797390044e-05, -0.0, 0.0]","[0.0, -0.0, -5.0]","[-0.0, 0.0, -0.0]","[0.0, -0.0, -0.0]","[0.0061796657973900385, 0.0, 0.0]","[0.006179666146636009, 0.0, 0.0]","[0.07106615666998545, 0.0, 0.0]","[0.07178399663634892, 0.0, 0.0]","[0.0, 0.0, 0.0]","[7.178400000000001, 0.0, -0.0]","[0.07178399663634892, 0.0, 0.0]","[6.179666086956524e-05, 0.0, 0.0]",2.8956648006044777e-12,0.99,False,0.0099999995314205,0.0,False,9.31322579819649e-10,1.1583586900006798e-11
current_x_0.4,1,100,0,1.81,0.010000000000000009,"[0.4, 0, 0]","[0.0, -0.0, 0.0]","[0.00024718663189560175, -0.0, 0.0]","[2.4718663098610705e-06, -0.0, -5.0]","[-0.0, 0.0, -0.0]","[0.0, -0.0, -0.0]","[0.024718663189560154, 0.0, 0.0]","[0.024718664586544037, 0.0, 0.0]","[0.2842646266799418, 0.0, 0.0]","[0.2871359865453957, 0.0, 0.0]","[0.0, 0.0, 0.0]","[28.713600000000003, 0.0, -0.0]","[0.2871359865453957, 0.0, 0.0]","[0.00024718664347826095, 0.0, 0.0]",1.1582659202417911e-11,0.99,False,0.0099999995314205,0.0,False,7.916241905048249e-09,7.313199893756173e-11
current_x_0.8,1,100,0,1.9,0.010000000000000009,"[0.8, 0, 0]","[0.0, -0.0, 0.0]","[0.000988746527582407, -0.0, 0.0]","[9.887465239444282e-06, -0.0, -5.0]","[-0.0, 0.0, -0.0]","[0.0, -0.0, -0.0]","[0.09887465275824062, 0.0, 0.0]","[0.09887465834617615, 0.0, 0.0]","[1.1370585067197672, 0.0, 0.0]","[1.1485439461815827, 0.0, 0.0]","[0.0, 0.0, 0.0]","[114.85440000000001, 0.0, -0.0]","[1.1485439461815827, 0.0, 0.0]","[0.0009887465739130438, 0.0, 0.0]",4.6330636809671644e-11,0.99,False,0.0099999995314205,0.0,False,1.8626451575576297e-08,2.2096165001872503e-10
current_x_negative,1,100,0,1.99,0.010000000000000009,"[-0.4, 0, 0]","[0.0, -0.0, 0.0]","[-0.00024718663189560175, -0.0, 0.0]","[-2.4718663098610705e-06, -0.0, -5.0]","[-0.0, 0.0, -0.0]","[0.0, -0.0, -0.0]","[-0.024718663189560154, 0.0, 0.0]","[-0.024718664586544037, 0.0, 0.0]","[-0.2842646266799418, 0.0, 0.0]","[-0.2871359865453957, 0.0, 0.0]","[0.0, 0.0, 0.0]","[-28.713600000000003, 0.0, -0.0]","[-0.2871359865453957, 0.0, 0.0]","[-0.00024718664347826095, 0.0, 0.0]",1.1582659202417911e-11,0.99,False,0.0099999995314205,0.0,False,7.916242421995845e-09,7.313199893756173e-11
current_1_-1,1,100,0,2.08,0.010000000000000231,"[0, -0.4, 0]","[0.0, -0.0, 0.0]","[0.0, -0.00024718663189560175, 0.0]","[0.0, -2.4718663098610705e-06, -5.0]","[-0.0, 0.0, -0.0]","[0.0, -0.0, -0.0]","[0.0, -0.024718663189559602, 0.0]","[0.0, -0.024718664586544037, 0.0]","[0.0, -0.2842646266799354, 0.0]","[0.0, -0.2871359865453893, 0.0]","[0.0, 0.0, 0.0]","[-0.0, -28.713600000000003, -0.0]","[0.0, -0.2871359865453893, 0.0]","[0.0, -0.00024718664347826095, 0.0]",1.1582659202417911e-11,0.99,False,0.009999999531420277,0.0,False,7.916241384631206e-09,7.313199893756173e-11
current_1_1,1,100,0,2.17,0.009999999999999787,"[0, 0.4, 0]","[0.0, -0.0, 0.0]","[0.0, 0.00024718663189560175, 0.0]","[0.0, 2.4718663098610705e-06, -5.0]","[-0.0, 0.0, -0.0]","[0.0, -0.0, -0.0]","[0.0, 0.024718663189560702, 0.0]","[0.0, 0.024718664586544037, 0.0]","[0.0, 0.28426462667994806, 0.0]","[0.0, 0.28713598654540207, 0.0]","[0.0, 0.0, 0.0]","[-0.0, 28.713600000000003, -0.0]","[0.0, 0.28713598654540207, 0.0]","[0.0, 0.00024718664347826095, 0.0]",1.1582659202417911e-11,0.99,False,0.009999999531420722,0.0,False,7.916242421995845e-09,7.313199893756173e-11
current_2_-1,1,100,0,2.26,0.009999999999999787,"[0, 0, -0.4]","[0.0, -0.0, 0.0]","[0.0, -0.0, -0.00024718663189560175]","[0.0, -0.0, -5.000002384185791]","[-0.0, 0.0, -0.0]","[0.0, -0.0, -0.0]","[0.0, 0.0, -0.024718663189560702]","[0.0, 0.0, -0.024718664586544037]","[0.0, 0.0, -0.28426462667994806]","[0.0, 0.0, -0.28713598654540207]","[0.0, 0.0, 0.0]","[-0.0, 0.0, -28.713600000000003]","[0.0, 0.0, -0.28713598654540207]","[0.0, 0.0, -0.00024718664347826095]",1.1582659202417911e-11,0.99,False,0.009999999531420722,0.0,False,7.916242421995845e-09,7.313199893756173e-11
current_2_1,1,100,0,2.35,0.010000000000000231,"[0, 0, 0.4]","[0.0, -0.0, 0.0]","[0.0, -0.0, 0.00024718663189560175]","[0.0, -0.0, -4.999997615814209]","[-0.0, 0.0, -0.0]","[0.0, -0.0, -0.0]","[0.0, 0.0, 0.024718663189559602]","[0.0, 0.0, 0.024718664586544037]","[0.0, 0.0, 0.2842646266799354]","[0.0, 0.0, 0.2871359865453893]","[0.0, 0.0, 0.0]","[-0.0, 0.0, 28.713600000000003]","[0.0, 0.0, 0.2871359865453893]","[0.0, 0.0, 0.00024718664347826095]",1.1582659202417911e-11,0.99,False,0.009999999531420277,0.0,False,7.916241384631206e-09,7.313199893756173e-11
yaw90_world_current,1,100,0,2.44,0.009999999999999787,"[0.4, 0, 0]","[0.0, -0.0, 0.0]","[0.00024718663189560175, -0.0, 0.0]","[2.4718663098610705e-06, -3.3306689994292145e-18, -5.0]","[-0.0, 0.0, -0.0]","[0.0, -0.0, 90.00000762939453]","[0.024718663189560702, 0.0, 0.0]","[0.024718664586544037, 0.0, 0.0]","[0.28426462667994806, 0.0, 0.0]","[0.28713598654540207, 0.0, 0.0]","[0.0, 0.0, 0.0]","[28.713600000000003, 0.0, -0.0]","[0.28713598654540207, 0.0, 0.0]","[0.00024718664347826095, 0.0, 0.0]",1.1582659202417911e-11,0.99,False,0.009999999531420722,0.0,False,7.916242421995845e-09,7.313199893756173e-11
thrust_0_10N,1,100,0,2.53,0.009999999999999787,"[0, 0, 0]","[0.0, -0.0, 0.0]","[0.00860869511961937, -0.0, 0.0]","[8.608694770373404e-05, -0.0, -5.0]","[-0.0, 0.0, -0.0]","[0.0, -0.0, -0.0]","[0.8608695119619553, 0.0, 0.0]","[0.8608695268630981, 0.0, 0.0]","[9.899999387562486, 0.0, 0.0]","[9.999999381376247, 0.0, 0.0]","[10, 0.0, 0.0]","[-0.0, 0.0, -0.0]","[-6.186237531125016e-07, 0.0, 0.0]","[0.008608695652173913, 0.0, 0.0]",5.325545438666923e-10,0.99,False,,0.0,False,1.5646217321751976e-07,1.341494013096245e-09
thrust_1_10N,1,100,0,2.62,0.010000000000000231,"[0, 0, 0]","[0.0, -0.0, 0.0]","[0.0, 0.00860869511961937, 0.0]","[0.0, 8.608694770373404e-05, -5.0]","[-0.0, -6.725441220526426e-23, 4.407585158284199e-18]","[0.0, -0.0, -0.0]","[0.0, 0.8608695119619171, 0.0]","[0.0, 0.8608695268630981, 0.0]","[0.0, 9.899999387562046, 0.0]","[0.0, 9.999999381375805, 0.0]","[0.0, 10, 0.0]","[-0.0, 0.0, -0.0]","[0.0, -6.186241954253546e-07, 0.0]","[0.0, 0.008608695652173913, 0.0]",5.325545438666923e-10,0.99,False,,3.43488436841678e-17,False,1.5646221029896878e-07,1.341494013096245e-09
thrust_2_10N,1,100,0,2.71,0.009999999999999787,"[0, 0, 0]","[0.0, -0.0, 0.0]","[0.0, -0.0, 0.00860869511961937]","[0.0, -0.0, -4.999913692474365]","[-0.0, 1.5064988132030803e-20, -0.0]","[0.0, -0.0, -0.0]","[0.0, 0.0, 0.8608695119619553]","[0.0, 0.0, 0.8608695268630981]","[0.0, 0.0, 9.899999387562486]","[0.0, 0.0, 9.999999381376247]","[0.0, 0.0, 10]","[-0.0, 0.0, -0.0]","[0.0, 0.0, -6.186237531125016e-07]","[0.0, 0.0, 0.008608695652173913]",5.325545438666923e-10,0.99,False,,1.1740326945390561e-19,False,1.5646217321751976e-07,1.341494013096245e-09
gravity_air,1,100,0,2.8,0.009999999999999787,"[0, 0, 0]","[0, 0, 0]","[0.0, -0.0, -0.09702000021934509]","[0.0, -0.0, 19.9990291595459]","[-0.0, 0.0, -0.0]","[0.0, -0.0, -0.0]","[0.0, -0.0, -9.702000021934715]","[0.0, 0.0, -9.702000617980957]","[0.0, -0.0, -111.57300025224923]","[0.0, -0.0, -112.7000002547972]","[0.0, 0.0, 0.0]","[0, 0, 0]","[0.0, -0.0, -2.5479720022758556e-07]","[0.0, 0.0, -0.09702000000000001]",2.1934508376286743e-10,0.99,False,,0.0,False,2.6226041605070805e-06,2.7637481747611048e-08
moving_zero_current,1,100,0,2.89,0.010000000000000231,"[0, 0, 0]","[0.3959999978542328, -0.0, 0.0]","[0.3917977213859558, -0.0, 0.0]","[0.007877976633608341, -0.0, -5.0]","[-0.0, 0.0, -0.0]","[0.0, -0.0, -0.0]","[-0.42022764682768804, 0.0, 0.0]","[-0.4202267527580261, 0.0, 0.0]","[-4.832617938518412, 0.0, 0.0]","[-0.28143228605537657, 0.0, 0.0]","[0.0, 0.0, 0.0]","[-28.14219905501713, 0.0, -0.0]","[-0.28143228605537657, 0.0, 0.0]","[0.3917977302490429, 0.0, 0.0]",8.863087097576994e-09,0.99,False,0.010000365838688907,0.0,False,1.0132789702299583e-06,1.0215361945231649e-08
moving_matched_current,1,100,0,2.98,0.009999999999999787,"[0.3959999978542328, -0.0, 0.0]","[0.3959999978542328, -0.0, 0.0]","[0.3920399844646454, -0.0, 0.0]","[0.00788039993494749, -0.0, -5.0]","[-0.0, 0.0, -0.0]","[0.0, -0.0, -0.0]","[-0.39600133895874867, 0.0, 0.0]","[-0.3959999978542328, 0.0, 0.0]","[-4.5540153980256095, 0.0, 0.0]","[-1.557848672006956e-05, 0.0, 0.0]","[0.0, 0.0, 0.0]","[-0.0, -0.0, -0.0]","[-1.557848672006956e-05, 0.0, 0.0]","[0.39203999787569044, 0.0, 0.0]",1.341104505225843e-08,0.99,False,,0.0,False,1.341104515883984e-06,1.341104505225843e-08
neutral_zero,2,100,0,3.07,0.009999999999999787,"[0, 0, 0]","[0.0, -0.0, 0.0]","[0.0, -0.0, 0.0]","[0.0, -0.0, -5.0]","[-0.0, 0.0, -0.0]","[0.0, -0.0, -0.0]","[0.0, 0.0, 0.0]","[0.0, 0.0, 0.0]","[0.0, 0.0, 0.0]","[0.0, 0.0, 0.0]","[0.0, 0.0, 0.0]","[-0.0, 0.0, -0.0]","[0.0, 0.0, 0.0]","[0.0, 0.0, 0.0]",0.0,0.99,False,,0.0,False,0.0,0.0
current_x_0.1,2,100,0,3.16,0.010000000000000231,"[0.1, 0, 0]","[0.0, -0.0, 0.0]","[1.544916449347511e-05, -0.0, 0.0]","[0.0, -0.0, -5.0]","[-0.0, 0.0, -0.0]","[0.0, -0.0, -0.0]","[0.0015449164493474752, 0.0, 0.0]","[0.0015449165366590023, 0.0, 0.0]","[0.017766539167495963, 0.0, 0.0]","[0.01794599915908683, 0.0, 0.0]","[0.0, 0.0, 0.0]","[1.7946000000000002, 0.0, -0.0]","[0.01794599915908683, 0.0, 0.0]","[1.544916521739131e-05, 0.0, 0.0]",7.239162001511194e-13,0.99,False,0.009999999531420277,0.0,False,4.074536576192944e-10,3.5087432769366836e-12
current_x_0.2,2,100,0,3.25,0.009999999999999787,"[0.2, 0, 0]","[0.0, -0.0, 0.0]","[6.179665797390044e-05, -0.0, 0.0]","[0.0, -0.0, -5.0]","[-0.0, 0.0, -0.0]","[0.0, -0.0, -0.0]","[0.006179665797390176, 0.0, 0.0]","[0.006179666146636009, 0.0, 0.0]","[0.07106615666998702, 0.0, 0.0]","[0.07178399663635052, 0.0, 0.0]","[0.0, 0.0, 0.0]","[7.178400000000001, 0.0, -0.0]","[0.07178399663635052, 0.0, 0.0]","[6.179666086956524e-05, 0.0, 0.0]",2.8956648006044777e-12,0.99,False,0.009999999531420722,0.0,False,9.313227081891862e-10,1.1583586900006798e-11
current_x_0.4,2,100,0,3.34,0.009999999999999787,"[0.4, 0, 0]","[0.0, -0.0, 0.0]","[0.00024718663189560175, -0.0, 0.0]","[2.4718663098610705e-06, -0.0, -5.0]","[-0.0, 0.0, -0.0]","[0.0, -0.0, -0.0]","[0.024718663189560702, 0.0, 0.0]","[0.024718664586544037, 0.0, 0.0]","[0.28426462667994806, 0.0, 0.0]","[0.28713598654540207, 0.0, 0.0]","[0.0, 0.0, 0.0]","[28.713600000000003, 0.0, -0.0]","[0.28713598654540207, 0.0, 0.0]","[0.00024718664347826095, 0.0, 0.0]",1.1582659202417911e-11,0.99,False,0.009999999531420722,0.0,False,7.916242421995845e-09,7.313199893756173e-11
current_x_0.8,2,100,0,3.43,0.010000000000000231,"[0.8, 0, 0]","[0.0, -0.0, 0.0]","[0.000988746527582407, -0.0, 0.0]","[9.887465239444282e-06, -0.0, -5.0]","[-0.0, 0.0, -0.0]","[0.0, -0.0, -0.0]","[0.09887465275823841, 0.0, 0.0]","[0.09887465834617615, 0.0, 0.0]","[1.1370585067197416, 0.0, 0.0]","[1.1485439461815572, 0.0, 0.0]","[0.0, 0.0, 0.0]","[114.85440000000001, 0.0, -0.0]","[1.1485439461815572, 0.0, 0.0]","[0.0009887465739130438, 0.0, 0.0]",4.6330636809671644e-11,0.99,False,0.009999999531420277,0.0,False,1.8626449563297065e-08,2.2096165001872503e-10
current_x_negative,2,100,0,3.52,0.010000000000000231,"[-0.4, 0, 0]","[0.0, -0.0, 0.0]","[-0.00024718663189560175, -0.0, 0.0]","[-2.4718663098610705e-06, -0.0, -5.0]","[-0.0, 0.0, -0.0]","[0.0, -0.0, -0.0]","[-0.024718663189559602, 0.0, 0.0]","[-0.024718664586544037, 0.0, 0.0]","[-0.2842646266799354, 0.0, 0.0]","[-0.2871359865453893, 0.0, 0.0]","[0.0, 0.0, 0.0]","[-28.713600000000003, 0.0, -0.0]","[-0.2871359865453893, 0.0, 0.0]","[-0.00024718664347826095, 0.0, 0.0]",1.1582659202417911e-11,0.99,False,0.009999999531420277,0.0,False,7.916241384631206e-09,7.313199893756173e-11
current_1_-1,2,100,0,3.61,0.009999999999999787,"[0, -0.4, 0]","[0.0, -0.0, 0.0]","[0.0, -0.00024718663189560175, 0.0]","[0.0, -2.4718663098610705e-06, -5.0]","[-0.0, 0.0, -0.0]","[0.0, -0.0, -0.0]","[0.0, -0.024718663189560702, 0.0]","[0.0, -0.024718664586544037, 0.0]","[0.0, -0.28426462667994806, 0.0]","[0.0, -0.28713598654540207, 0.0]","[0.0, 0.0, 0.0]","[-0.0, -28.713600000000003, -0.0]","[0.0, -0.28713598654540207, 0.0]","[0.0, -0.00024718664347826095, 0.0]",1.1582659202417911e-11,0.99,False,0.009999999531420722,0.0,False,7.916242421995845e-09,7.313199893756173e-11
current_1_1,2,100,0,3.7,0.010000000000000231,"[0, 0.4, 0]","[0.0, -0.0, 0.0]","[0.0, 0.00024718663189560175, 0.0]","[0.0, 2.4718663098610705e-06, -5.0]","[-0.0, 0.0, -0.0]","[0.0, -0.0, -0.0]","[0.0, 0.024718663189559602, 0.0]","[0.0, 0.024718664586544037, 0.0]","[0.0, 0.2842646266799354, 0.0]","[0.0, 0.2871359865453893, 0.0]","[0.0, 0.0, 0.0]","[-0.0, 28.713600000000003, -0.0]","[0.0, 0.2871359865453893, 0.0]","[0.0, 0.00024718664347826095, 0.0]",1.1582659202417911e-11,0.99,False,0.009999999531420277,0.0,False,7.916241384631206e-09,7.313199893756173e-11
current_2_-1,2,100,0,3.79,0.010000000000000231,"[0, 0, -0.4]","[0.0, -0.0, 0.0]","[0.0, -0.0, -0.00024718663189560175]","[0.0, -0.0, -5.000002384185791]","[-0.0, 0.0, -0.0]","[0.0, -0.0, -0.0]","[0.0, 0.0, -0.024718663189559602]","[0.0, 0.0, -0.024718664586544037]","[0.0, 0.0, -0.2842646266799354]","[0.0, 0.0, -0.2871359865453893]","[0.0, 0.0, 0.0]","[-0.0, 0.0, -28.713600000000003]","[0.0, 0.0, -0.2871359865453893]","[0.0, 0.0, -0.00024718664347826095]",1.1582659202417911e-11,0.99,False,0.009999999531420277,0.0,False,7.916241384631206e-09,7.313199893756173e-11
current_2_1,2,100,0,3.88,0.009999999999999787,"[0, 0, 0.4]","[0.0, -0.0, 0.0]","[0.0, -0.0, 0.00024718663189560175]","[0.0, -0.0, -4.999997615814209]","[-0.0, 0.0, -0.0]","[0.0, -0.0, -0.0]","[0.0, 0.0, 0.024718663189560702]","[0.0, 0.0, 0.024718664586544037]","[0.0, 0.0, 0.28426462667994806]","[0.0, 0.0, 0.28713598654540207]","[0.0, 0.0, 0.0]","[-0.0, 0.0, 28.713600000000003]","[0.0, 0.0, 0.28713598654540207]","[0.0, 0.0, 0.00024718664347826095]",1.1582659202417911e-11,0.99,False,0.009999999531420722,0.0,False,7.916242421995845e-09,7.313199893756173e-11
yaw90_world_current,2,100,0,3.97,0.010000000000000231,"[0.4, 0, 0]","[0.0, -0.0, 0.0]","[0.00024718663189560175, -0.0, 0.0]","[2.4718663098610705e-06, -3.3306689994292145e-18, -5.0]","[-0.0, 0.0, -0.0]","[0.0, -0.0, 90.00000762939453]","[0.024718663189559602, 0.0, 0.0]","[0.024718664586544037, 0.0, 0.0]","[0.2842646266799354, 0.0, 0.0]","[0.2871359865453893, 0.0, 0.0]","[0.0, 0.0, 0.0]","[28.713600000000003, 0.0, -0.0]","[0.2871359865453893, 0.0, 0.0]","[0.00024718664347826095, 0.0, 0.0]",1.1582659202417911e-11,0.99,False,0.009999999531420277,0.0,False,7.916241384631206e-09,7.313199893756173e-11
thrust_0_10N,2,100,0,4.06,0.009999999999999787,"[0, 0, 0]","[0.0, -0.0, 0.0]","[0.00860869511961937, -0.0, 0.0]","[8.608694770373404e-05, -0.0, -5.0]","[-0.0, 0.0, -0.0]","[0.0, -0.0, -0.0]","[0.8608695119619553, 0.0, 0.0]","[0.8608695268630981, 0.0, 0.0]","[9.899999387562486, 0.0, 0.0]","[9.999999381376247, 0.0, 0.0]","[10, 0.0, 0.0]","[-0.0, 0.0, -0.0]","[-6.186237531125016e-07, 0.0, 0.0]","[0.008608695652173913, 0.0, 0.0]",5.325545438666923e-10,0.99,False,,0.0,False,1.5646221029896878e-07,1.341494013096245e-09
thrust_1_10N,2,100,0,4.15,0.010000000000000675,"[0, 0, 0]","[0.0, -0.0, 0.0]","[0.0, 0.00860869511961937, 0.0]","[0.0, 8.608694770373404e-05, -5.0]","[-0.0, -6.725441220526426e-23, 4.407585158284199e-18]","[0.0, -0.0, -0.0]","[0.0, 0.8608695119618789, 0.0]","[0.0, 0.8608695268630981, 0.0]","[0.0, 9.899999387561607, 0.0]","[0.0, 9.99999938137536, 0.0]","[0.0, 10, 0.0]","[-0.0, 0.0, -0.0]","[0.0, -6.186246395145645e-07, 0.0]","[0.0, 0.008608695652173913, 0.0]",5.325545438666923e-10,0.99,False,,3.43488436841678e-17,False,1.5646221029896878e-07,1.341494013096245e-09
thrust_2_10N,2,100,0,4.24,0.009999999999999787,"[0, 0, 0]","[0.0, -0.0, 0.0]","[0.0, -0.0, 0.00860869511961937]","[0.0, -0.0, -4.999913692474365]","[-0.0, 1.5064988132030803e-20, -0.0]","[0.0, -0.0, -0.0]","[0.0, 0.0, 0.8608695119619553]","[0.0, 0.0, 0.8608695268630981]","[0.0, 0.0, 9.899999387562486]","[0.0, 0.0, 9.999999381376247]","[0.0, 0.0, 10]","[-0.0, 0.0, -0.0]","[0.0, 0.0, -6.186237531125016e-07]","[0.0, 0.0, 0.008608695652173913]",5.325545438666923e-10,0.99,False,,1.1740326945390561e-19,False,1.5646221029896878e-07,1.341494013096245e-09
gravity_air,2,100,0,4.33,0.009999999999999787,"[0, 0, 0]","[0, 0, 0]","[0.0, -0.0, -0.09702000021934509]","[0.0, -0.0, 19.9990291595459]","[-0.0, 0.0, -0.0]","[0.0, -0.0, -0.0]","[0.0, -0.0, -9.702000021934715]","[0.0, 0.0, -9.702000617980957]","[0.0, -0.0, -111.57300025224923]","[0.0, -0.0, -112.7000002547972]","[0.0, 0.0, 0.0]","[0, 0, 0]","[0.0, -0.0, -2.5479720022758556e-07]","[0.0, 0.0, -0.09702000000000001]",2.1934508376286743e-10,0.99,False,,0.0,False,2.6226037590504347e-06,2.7637481747611048e-08
moving_zero_current,2,100,0,4.42,0.009999999999999787,"[0, 0, 0]","[0.3959999978542328, -0.0, 0.0]","[0.3917977213859558, -0.0, 0.0]","[0.007877976633608341, -0.0, -5.0]","[-0.0, 0.0, -0.0]","[0.0, -0.0, -0.0]","[-0.4202276468277067, 0.0, 0.0]","[-0.4202267527580261, 0.0, 0.0]","[-4.832617938518627, 0.0, 0.0]","[-0.28143228605538906, 0.0, 0.0]","[0.0, 0.0, 0.0]","[-28.14219905501713, 0.0, -0.0]","[-0.28143228605538906, 0.0, 0.0]","[0.3917977302490429, 0.0, 0.0]",8.863087097576994e-09,0.99,False,0.010000365838689351,0.0,False,1.013278987715971e-06,1.0215361945231649e-08
moving_matched_current,2,100,0,4.51,0.009999999999999787,"[0.3959999978542328, -0.0, 0.0]","[0.3959999978542328, -0.0, 0.0]","[0.3920399844646454, -0.0, 0.0]","[0.00788039993494749, -0.0, -5.0]","[-0.0, 0.0, -0.0]","[0.0, -0.0, -0.0]","[-0.39600133895874867, 0.0, 0.0]","[-0.3959999978542328, 0.0, 0.0]","[-4.5540153980256095, 0.0, 0.0]","[-1.557848672006956e-05, 0.0, 0.0]","[0.0, 0.0, 0.0]","[-0.0, -0.0, -0.0]","[-1.557848672006956e-05, 0.0, 0.0]","[0.39203999787569044, 0.0, 0.0]",1.341104505225843e-08,0.99,False,,0.0,False,1.341104515883984e-06,1.341104505225843e-08
neutral_zero,0,200,0,0.005,0.005,"[0, 0, 0]","[0.0, -0.0, 0.0]","[0.0, -0.0, 0.0]","[0.0, -0.0, -5.0]","[-0.0, 0.0, -0.0]","[0.0, -0.0, -0.0]","[0.0, 0.0, 0.0]","[0.0, 0.0, 0.0]","[0.0, 0.0, 0.0]","[0.0, 0.0, 0.0]","[0.0, 0.0, 0.0]","[-0.0, 0.0, -0.0]","[0.0, 0.0, 0.0]","[0.0, 0.0, 0.0]",0.0,0.995,False,,0.0,False,0.0,0.0
current_x_0.1,0,200,0,0.05,0.0050000000000000044,"[0.1, 0, 0]","[0.0, -0.0, 0.0]","[7.763595021970104e-06, -0.0, 0.0]","[0.0, -0.0, -5.0]","[-0.0, 0.0, -0.0]","[0.0, -0.0, -0.0]","[0.0015527190043940196, 0.0, 0.0]","[0.0015527191571891308, 0.0, 0.0]","[0.017856268550531226, 0.0, 0.0]","[0.017945998543247462, 0.0, 0.0]","[0.0, 0.0, 0.0]","[1.7946000000000002, 0.0, -0.0]","[0.017945998543247462, 0.0, 0.0]","[7.763595652173917e-06, 0.0, 0.0]",6.302038121767158e-13,0.995,False,0.009999999188257806,0.0,False,4.365574540320799e-10,2.4541763207156647e-12
current_x_0.2,0,200,0,0.095,0.0050000000000000044,"[0.2, 0, 0]","[0.0, -0.0, 0.0]","[3.105438008788042e-05, -0.0, 0.0]","[0.0, -0.0, -5.0]","[-0.0, 0.0, -0.0]","[0.0, -0.0, -0.0]","[0.006210876017576078, 0.0, 0.0]","[0.006210876628756523, 0.0, 0.0]","[0.0714250742021249, 0.0, 0.0]","[0.07178399417298985, 0.0, 0.0]","[0.0, 0.0, 0.0]","[7.178400000000001, 0.0, -0.0]","[0.07178399417298985, 0.0, 0.0]","[3.1054382608695666e-05, 0.0, 0.0]",2.5208152487068633e-12,0.995,False,0.009999999188257806,0.0,False,1.7462298326081926e-09,9.492352677541518e-12
current_x_0.4,0,200,0,0.14,0.0050000000000000044,"[0.4, 0, 0]","[0.0, -0.0, 0.0]","[0.00012421752035152167, -0.0, 0.0]","[0.0, -0.0, -5.0]","[-0.0, 0.0, -0.0]","[0.0, -0.0, -0.0]","[0.024843504070304313, 0.0, 0.0]","[0.024843506515026093, 0.0, 0.0]","[0.2857002968084996, 0.0, 0.0]","[0.2871359766919594, 0.0, 0.0]","[0.0, 0.0, 0.0]","[28.713600000000003, 0.0, -0.0]","[0.2871359766919594, 0.0, 0.0]","[0.00012421753043478267, 0.0, 0.0]",1.0083260994827453e-11,0.995,False,0.009999999188257806,0.0,False,8.847564438030364e-09,4.2257438108601886e-11
current_x_0.8,0,200,0,0.185,0.0050000000000000044,"[0.8, 0, 0]","[0.0, -0.0, 0.0]","[0.0004968700814060867, -0.0, 0.0]","[2.4843504888849566e-06, -0.0, -5.0]","[-0.0, 0.0, -0.0]","[0.0, -0.0, -0.0]","[0.09937401628121725, 0.0, 0.0]","[0.09937402606010437, 0.0, 0.0]","[1.1428011872339985, 0.0, 0.0]","[1.1485439067678376, 0.0, 0.0]","[0.0, 0.0, 0.0]","[114.85440000000001, 0.0, -0.0]","[1.1485439067678376, 0.0, 0.0]","[0.0004968701217391307, 0.0, 0.0]",4.033304397930981e-11,0.995,False,0.009999999188257806,0.0,False,2.700835458058215e-08,1.2058425308617005e-10
current_x_negative,0,200,0,0.23,0.0050000000000000044,"[-0.4, 0, 0]","[0.0, -0.0, 0.0]","[-0.00012421752035152167, -0.0, 0.0]","[0.0, -0.0, -5.0]","[-0.0, 0.0, -0.0]","[0.0, -0.0, -0.0]","[-0.024843504070304313, 0.0, 0.0]","[-0.024843506515026093, 0.0, 0.0]","[-0.2857002968084996, 0.0, 0.0]","[-0.2871359766919594, 0.0, 0.0]","[0.0, 0.0, 0.0]","[-28.713600000000003, 0.0, -0.0]","[-0.2871359766919594, 0.0, 0.0]","[-0.00012421753043478267, 0.0, 0.0]",1.0083260994827453e-11,0.995,False,0.009999999188257806,0.0,False,8.847564438030364e-09,4.2257438108601886e-11
current_1_-1,0,200,0,0.275,0.0050000000000000044,"[0, -0.4, 0]","[0.0, -0.0, 0.0]","[0.0, -0.00012421752035152167, 0.0]","[0.0, -0.0, -5.0]","[-0.0, 0.0, -0.0]","[0.0, -0.0, -0.0]","[0.0, -0.024843504070304313, 0.0]","[0.0, -0.024843506515026093, 0.0]","[0.0, -0.2857002968084996, 0.0]","[0.0, -0.2871359766919594, 0.0]","[0.0, 0.0, 0.0]","[-0.0, -28.713600000000003, -0.0]","[0.0, -0.2871359766919594, 0.0]","[0.0, -0.00012421753043478267, 0.0]",1.0083260994827453e-11,0.995,False,0.009999999188257806,0.0,False,8.847564438030364e-09,4.2257438108601886e-11
current_1_1,0,200,0,0.32,0.0050000000000000044,"[0, 0.4, 0]","[0.0, -0.0, 0.0]","[0.0, 0.00012421752035152167, 0.0]","[0.0, -0.0, -5.0]","[-0.0, 0.0, -0.0]","[0.0, -0.0, -0.0]","[0.0, 0.024843504070304313, 0.0]","[0.0, 0.024843506515026093, 0.0]","[0.0, 0.2857002968084996, 0.0]","[0.0, 0.2871359766919594, 0.0]","[0.0, 0.0, 0.0]","[-0.0, 28.713600000000003, -0.0]","[0.0, 0.2871359766919594, 0.0]","[0.0, 0.00012421753043478267, 0.0]",1.0083260994827453e-11,0.995,False,0.009999999188257806,0.0,False,8.84756470517778e-09,4.2257438108601886e-11
current_2_-1,0,200,0,0.365,0.0050000000000000044,"[0, 0, -0.4]","[0.0, -0.0, 0.0]","[0.0, -0.0, -0.00012421752035152167]","[0.0, -0.0, -5.0]","[-0.0, 0.0, -0.0]","[0.0, -0.0, -0.0]","[0.0, 0.0, -0.024843504070304313]","[0.0, 0.0, -0.024843506515026093]","[0.0, 0.0, -0.2857002968084996]","[0.0, 0.0, -0.2871359766919594]","[0.0, 0.0, 0.0]","[-0.0, 0.0, -28.713600000000003]","[0.0, 0.0, -0.2871359766919594]","[0.0, 0.0, -0.00012421753043478267]",1.0083260994827453e-11,0.995,False,0.009999999188257806,0.0,False,8.847564438030364e-09,4.2257438108601886e-11
current_2_1,0,200,0,0.41,0.004999999999999949,"[0, 0, 0.4]","[0.0, -0.0, 0.0]","[0.0, -0.0, 0.00012421752035152167]","[0.0, -0.0, -5.0]","[-0.0, 0.0, -0.0]","[0.0, -0.0, -0.0]","[0.0, 0.0, 0.024843504070304587]","[0.0, 0.0, 0.024843506515026093]","[0.0, 0.0, 0.28570029680850273]","[0.0, 0.0, 0.28713597669196256]","[0.0, 0.0, 0.0]","[-0.0, 0.0, 28.713600000000003]","[0.0, 0.0, 0.28713597669196256]","[0.0, 0.0, 0.00012421753043478267]",1.0083260994827453e-11,0.995,False,0.009999999188257919,0.0,False,8.847564438030364e-09,4.2257438108601886e-11
yaw90_world_current,0,200,0,0.455,0.0050000000000000044,"[0.4, 0, 0]","[0.0, -0.0, 0.0]","[0.00012421752035152167, -0.0, 0.0]","[0.0, -0.0, -5.0]","[-0.0, 0.0, -0.0]","[0.0, -0.0, 90.00000762939453]","[0.024843504070304313, 0.0, 0.0]","[0.024843506515026093, 0.0, 0.0]","[0.2857002968084996, 0.0, 0.0]","[0.2871359766919594, 0.0, 0.0]","[0.0, 0.0, 0.0]","[28.713600000000003, 0.0, -0.0]","[0.2871359766919594, 0.0, 0.0]","[0.00012421753043478267, 0.0, 0.0]",1.0083260994827453e-11,0.995,False,0.009999999188257806,0.0,False,8.847564438030364e-09,4.2257438108601886e-11
thrust_0_10N,0,200,0,0.5,0.0050000000000000044,"[0, 0, 0]","[0.0, -0.0, 0.0]","[0.0043260869570076466, -0.0, 0.0]","[2.1630432456731796e-05, -0.0, -5.0]","[-0.0, 0.0, -0.0]","[0.0, -0.0, -0.0]","[0.8652173914015285, 0.0, 0.0]","[0.865217387676239, 0.0, 0.0]","[9.950000001117578, 0.0, 0.0]","[10.000000001123194, 0.0, 0.0]","[10, 0.0, 0.0]","[-0.0, 0.0, -0.0]","[1.1231939822664572e-09, 0.0, 0.0]","[0.004326086956521739, 0.0, 0.0]",4.859073213236975e-13,0.995,False,,0.0,False,1.303851612233231e-07,8.344169868945706e-10
thrust_1_10N,0,200,0,0.545,0.0050000000000000044,"[0, 0, 0]","[0.0, -0.0, 0.0]","[0.0, 0.0043260869570076466, 0.0]","[0.0, 2.1630432456731796e-05, -5.0]","[-0.0, -3.375426319547065e-23, 2.2121193927783644e-18]","[0.0, -0.0, -0.0]","[0.0, 0.8652173914015285, 0.0]","[0.0, 0.865217387676239, 0.0]","[0.0, 9.950000001117578, 0.0]","[0.0, 10.000000001123194, 0.0]","[0.0, 10, 0.0]","[-0.0, 0.0, -0.0]","[0.0, 1.1231939822664572e-09, 0.0]","[0.0, 0.004326086956521739, 0.0]",4.859073213236975e-13,0.995,False,,1.6360357148323525e-17,False,1.303851612233231e-07,8.344169868945706e-10
thrust_2_10N,0,200,0,0.59,0.0050000000000000044,"[0, 0, 0]","[0.0, -0.0, 0.0]","[0.0, -0.0, 0.0043260869570076466]","[0.0, -0.0, -4.999978065490723]","[-0.0, 7.560955056759621e-21, -0.0]","[0.0, -0.0, -0.0]","[0.0, 0.0, 0.8652173914015285]","[0.0, 0.0, 0.865217387676239]","[0.0, 0.0, 9.950000001117578]","[0.0, 0.0, 10.000000001123194]","[0.0, 0.0, 10]","[-0.0, 0.0, -0.0]","[0.0, 0.0, 1.1231939822664572e-09]","[0.0, 0.0, 0.004326086956521739]",4.859073213236975e-13,0.995,False,,5.969966691008925e-20,False,1.303851612233231e-07,8.344169868945706e-10
gravity_air,0,200,0,0.635,0.0050000000000000044,"[0, 0, 0]","[0, 0, 0]","[0.0, -0.0, -0.04875500127673149]","[0.0, -0.0, 19.999755859375]","[-0.0, 0.0, -0.0]","[0.0, -0.0, -0.0]","[0.0, -0.0, -9.75100025534629]","[0.0, 0.0, -9.75100040435791]","[0.0, -0.0, -112.13650293648233]","[0.0, -0.0, -112.70000295123853]","[0.0, 0.0, 0.0]","[0, 0, 0]","[0.0, -0.0, -2.9512385282259856e-06]","[0.0, 0.0, -0.048755]",1.276731491361982e-09,0.995,False,,0.0,False,2.6226043789989717e-06,1.103699209803466e-08
moving_zero_current,0,200,0,0.68,0.0050000000000000044,"[0, 0, 0]","[0.39800000190734863, -0.0, 0.0]","[0.39588701725006104, -0.0, 0.0]","[0.0039694351144135, -0.0, -5.0]","[-0.0, 0.0, -0.0]","[0.0, -0.0, -0.0]","[-0.42259693145751914, 0.0, 0.0]","[-0.42259567975997925, 0.0, 0.0]","[-4.85986471176147, 0.0, 0.0]","[-0.2842861204291555, 0.0, 0.0]","[0.0, 0.0, 0.0]","[-28.427182112465058, 0.0, -0.0]","[-0.2842861204291555, 0.0, 0.0]","[0.39588702343606447, 0.0, 0.0]",6.18600343171849e-09,0.995,False,0.010000503015193288,0.0,False,5.155801764189505e-06,2.5663686842314348e-08
moving_matched_current,0,200,0,0.725,0.0050000000000000044,"[0.39800000190734863, -0.0, 0.0]","[0.39800000190734863, -0.0, 0.0]","[0.39601001143455505, -0.0, 0.0]","[0.003970049787312746, -0.0, -5.0]","[-0.0, 0.0, -0.0]","[0.0, -0.0, -0.0]","[-0.3979980945587155, 0.0, 0.0]","[-0.39800000190734863, 0.0, 0.0]","[-4.576978087425228, 0.0, 0.0]","[2.2044732961301585e-05, 0.0, 0.0]","[0.0, 0.0, 0.0]","[-0.0, -0.0, -0.0]","[2.2044732961301585e-05, 0.0, 0.0]","[0.3960100018978119, 0.0, 0.0]",9.536743172944284e-09,0.995,False,,0.0,False,4.768371582364317e-06,2.3865399656486375e-08
neutral_zero,1,200,0,0.77,0.0050000000000000044,"[0, 0, 0]","[0.0, -0.0, 0.0]","[0.0, -0.0, 0.0]","[0.0, -0.0, -5.0]","[-0.0, 0.0, -0.0]","[0.0, -0.0, -0.0]","[0.0, 0.0, 0.0]","[0.0, 0.0, 0.0]","[0.0, 0.0, 0.0]","[0.0, 0.0, 0.0]","[0.0, 0.0, 0.0]","[-0.0, 0.0, -0.0]","[0.0, 0.0, 0.0]","[0.0, 0.0, 0.0]",0.0,0.995,False,,0.0,False,0.0,0.0
current_x_0.1,1,200,0,0.815,0.004999999999999893,"[0.1, 0, 0]","[0.0, -0.0, 0.0]","[7.763595021970104e-06, -0.0, 0.0]","[0.0, -0.0, -5.0]","[-0.0, 0.0, -0.0]","[0.0, -0.0, -0.0]","[0.001552719004394054, 0.0, 0.0]","[0.0015527191571891308, 0.0, 0.0]","[0.017856268550531622, 0.0, 0.0]","[0.01794599854324786, 0.0, 0.0]","[0.0, 0.0, 0.0]","[1.7946000000000002, 0.0, -0.0]","[0.01794599854324786, 0.0, 0.0]","[7.763595652173917e-06, 0.0, 0.0]",6.302038121767158e-13,0.995,False,0.00999999918825803,0.0,False,4.3655745815204816e-10,2.4541763207156647e-12
current_x_0.2,1,200,0,0.86,0.0050000000000000044,"[0.2, 0, 0]","[0.0, -0.0, 0.0]","[3.105438008788042e-05, -0.0, 0.0]","[0.0, -0.0, -5.0]","[-0.0, 0.0, -0.0]","[0.0, -0.0, -0.0]","[0.006210876017576078, 0.0, 0.0]","[0.006210876628756523, 0.0, 0.0]","[0.0714250742021249, 0.0, 0.0]","[0.07178399417298985, 0.0, 0.0]","[0.0, 0.0, 0.0]","[7.178400000000001, 0.0, -0.0]","[0.07178399417298985, 0.0, 0.0]","[3.1054382608695666e-05, 0.0, 0.0]",2.5208152487068633e-12,0.995,False,0.009999999188257806,0.0,False,1.7462298326081926e-09,9.492352677541518e-12
current_x_0.4,1,200,0,0.905,0.0050000000000000044,"[0.4, 0, 0]","[0.0, -0.0, 0.0]","[0.00012421752035152167, -0.0, 0.0]","[0.0, -0.0, -5.0]","[-0.0, 0.0, -0.0]","[0.0, -0.0, -0.0]","[0.024843504070304313, 0.0, 0.0]","[0.024843506515026093, 0.0, 0.0]","[0.2857002968084996, 0.0, 0.0]","[0.2871359766919594, 0.0, 0.0]","[0.0, 0.0, 0.0]","[28.713600000000003, 0.0, -0.0]","[0.2871359766919594, 0.0, 0.0]","[0.00012421753043478267, 0.0, 0.0]",1.0083260994827453e-11,0.995,False,0.009999999188257806,0.0,False,8.847564438030364e-09,4.2257438108601886e-11
current_x_0.8,1,200,0,0.95,0.0050000000000000044,"[0.8, 0, 0]","[0.0, -0.0, 0.0]","[0.0004968700814060867, -0.0, 0.0]","[2.4843504888849566e-06, -0.0, -5.0]","[-0.0, 0.0, -0.0]","[0.0, -0.0, -0.0]","[0.09937401628121725, 0.0, 0.0]","[0.09937402606010437, 0.0, 0.0]","[1.1428011872339985, 0.0, 0.0]","[1.1485439067678376, 0.0, 0.0]","[0.0, 0.0, 0.0]","[114.85440000000001, 0.0, -0.0]","[1.1485439067678376, 0.0, 0.0]","[0.0004968701217391307, 0.0, 0.0]",4.033304397930981e-11,0.995,False,0.009999999188257806,0.0,False,2.700835458058215e-08,1.2058425308617005e-10
current_x_negative,1,200,0,0.995,0.0050000000000000044,"[-0.4, 0, 0]","[0.0, -0.0, 0.0]","[-0.00012421752035152167, -0.0, 0.0]","[0.0, -0.0, -5.0]","[-0.0, 0.0, -0.0]","[0.0, -0.0, -0.0]","[-0.024843504070304313, 0.0, 0.0]","[-0.024843506515026093, 0.0, 0.0]","[-0.2857002968084996, 0.0, 0.0]","[-0.2871359766919594, 0.0, 0.0]","[0.0, 0.0, 0.0]","[-28.713600000000003, 0.0, -0.0]","[-0.2871359766919594, 0.0, 0.0]","[-0.00012421753043478267, 0.0, 0.0]",1.0083260994827453e-11,0.995,False,0.009999999188257806,0.0,False,8.847563900266087e-09,4.2257438108601886e-11
current_1_-1,1,200,0,1.04,0.0050000000000001155,"[0, -0.4, 0]","[0.0, -0.0, 0.0]","[0.0, -0.00012421752035152167, 0.0]","[0.0, -0.0, -5.0]","[-0.0, 0.0, -0.0]","[0.0, -0.0, -0.0]","[0.0, -0.02484350407030376, 0.0]","[0.0, -0.024843506515026093, 0.0]","[0.0, -0.28570029680849324, 0.0]","[0.0, -0.287135976691953, 0.0]","[0.0, 0.0, 0.0]","[-0.0, -28.713600000000003, -0.0]","[0.0, -0.287135976691953, 0.0]","[0.0, -0.00012421753043478267, 0.0]",1.0083260994827453e-11,0.995,False,0.009999999188257584,0.0,False,8.847564972325195e-09,4.2257438108601886e-11
current_1_1,1,200,0,1.085,0.004999999999999893,"[0, 0.4, 0]","[0.0, -0.0, 0.0]","[0.0, 0.00012421752035152167, 0.0]","[0.0, -0.0, -5.0]","[-0.0, 0.0, -0.0]","[0.0, -0.0, -0.0]","[0.0, 0.024843504070304865, 0.0]","[0.0, 0.024843506515026093, 0.0]","[0.0, 0.28570029680850595, 0.0]","[0.0, 0.2871359766919658, 0.0]","[0.0, 0.0, 0.0]","[-0.0, 28.713600000000003, -0.0]","[0.0, 0.2871359766919658, 0.0]","[0.0, 0.00012421753043478267, 0.0]",1.0083260994827453e-11,0.995,False,0.00999999918825803,0.0,False,8.847563900266087e-09,4.2257438108601886e-11
current_2_-1,1,200,0,1.13,0.004999999999999893,"[0, 0, -0.4]","[0.0, -0.0, 0.0]","[0.0, -0.0, -0.00012421752035152167]","[0.0, -0.0, -5.0]","[-0.0, 0.0, -0.0]","[0.0, -0.0, -0.0]","[0.0, 0.0, -0.024843504070304865]","[0.0, 0.0, -0.024843506515026093]","[0.0, 0.0, -0.28570029680850595]","[0.0, 0.0, -0.2871359766919658]","[0.0, 0.0, 0.0]","[-0.0, 0.0, -28.713600000000003]","[0.0, 0.0, -0.2871359766919658]","[0.0, 0.0, -0.00012421753043478267]",1.0083260994827453e-11,0.995,False,0.00999999918825803,0.0,False,8.847563900266087e-09,4.2257438108601886e-11
current_2_1,1,200,0,1.175,0.0050000000000001155,"[0, 0, 0.4]","[0.0, -0.0, 0.0]","[0.0, -0.0, 0.00012421752035152167]","[0.0, -0.0, -5.0]","[-0.0, 0.0, -0.0]","[0.0, -0.0, -0.0]","[0.0, 0.0, 0.02484350407030376]","[0.0, 0.0, 0.024843506515026093]","[0.0, 0.0, 0.28570029680849324]","[0.0, 0.0, 0.287135976691953]","[0.0, 0.0, 0.0]","[-0.0, 0.0, 28.713600000000003]","[0.0, 0.0, 0.287135976691953]","[0.0, 0.0, 0.00012421753043478267]",1.0083260994827453e-11,0.995,False,0.009999999188257584,0.0,False,8.847564972325195e-09,4.2257438108601886e-11
yaw90_world_current,1,200,0,1.22,0.004999999999999893,"[0.4, 0, 0]","[0.0, -0.0, 0.0]","[0.00012421752035152167, -0.0, 0.0]","[0.0, -0.0, -5.0]","[-0.0, 0.0, -0.0]","[0.0, -0.0, 90.00000762939453]","[0.024843504070304865, 0.0, 0.0]","[0.024843506515026093, 0.0, 0.0]","[0.28570029680850595, 0.0, 0.0]","[0.2871359766919658, 0.0, 0.0]","[0.0, 0.0, 0.0]","[28.713600000000003, 0.0, -0.0]","[0.2871359766919658, 0.0, 0.0]","[0.00012421753043478267, 0.0, 0.0]",1.0083260994827453e-11,0.995,False,0.00999999918825803,0.0,False,8.847563900266087e-09,4.2257438108601886e-11
thrust_0_10N,1,200,0,1.265,0.004999999999999893,"[0, 0, 0]","[0.0, -0.0, 0.0]","[0.0043260869570076466, -0.0, 0.0]","[2.1630432456731796e-05, -0.0, -5.0]","[-0.0, 0.0, -0.0]","[0.0, -0.0, -0.0]","[0.8652173914015477, 0.0, 0.0]","[0.865217387676239, 0.0, 0.0]","[9.950000001117798, 0.0, 0.0]","[10.000000001123416, 0.0, 0.0]","[10, 0.0, 0.0]","[-0.0, 0.0, -0.0]","[1.1234160268713822e-09, 0.0, 0.0]","[0.004326086956521739, 0.0, 0.0]",4.859073213236975e-13,0.995,False,,0.0,False,1.3038518031915913e-07,8.344169868945706e-10
thrust_1_10N,1,200,0,1.31,0.0050000000000001155,"[0, 0, 0]","[0.0, -0.0, 0.0]","[0.0, 0.0043260869570076466, 0.0]","[0.0, 2.1630432456731796e-05, -5.0]","[-0.0, -3.375426319547065e-23, 2.2121193927783644e-18]","[0.0, -0.0, -0.0]","[0.0, 0.8652173914015093, 0.0]","[0.0, 0.865217387676239, 0.0]","[0.0, 9.950000001117358, 0.0]","[0.0, 10.000000001122972, 0.0]","[0.0, 10, 0.0]","[-0.0, 0.0, -0.0]","[0.0, 1.1229719376615321e-09, 0.0]","[0.0, 0.004326086956521739, 0.0]",4.859073213236975e-13,0.995,False,,1.6360357148323525e-17,False,1.3038514212748709e-07,8.344169868945706e-10
thrust_2_10N,1,200,0,1.355,0.004999999999999893,"[0, 0, 0]","[0.0, -0.0, 0.0]","[0.0, -0.0, 0.0043260869570076466]","[0.0, -0.0, -4.999978065490723]","[-0.0, 7.560955056759621e-21, -0.0]","[0.0, -0.0, -0.0]","[0.0, 0.0, 0.8652173914015477]","[0.0, 0.0, 0.865217387676239]","[0.0, 0.0, 9.950000001117798]","[0.0, 0.0, 10.000000001123416]","[0.0, 0.0, 10]","[-0.0, 0.0, -0.0]","[0.0, 0.0, 1.1234160268713822e-09]","[0.0, 0.0, 0.004326086956521739]",4.859073213236975e-13,0.995,False,,5.969966691008925e-20,False,1.3038518031915913e-07,8.344169868945706e-10
gravity_air,1,200,0,1.4,0.004999999999999893,"[0, 0, 0]","[0, 0, 0]","[0.0, -0.0, -0.04875500127673149]","[0.0, -0.0, 19.999755859375]","[-0.0, 0.0, -0.0]","[0.0, -0.0, -0.0]","[0.0, -0.0, -9.751000255346506]","[0.0, 0.0, -9.75100040435791]","[0.0, -0.0, -112.13650293648482]","[0.0, -0.0, -112.70000295124103]","[0.0, 0.0, 0.0]","[0, 0, 0]","[0.0, -0.0, -2.9512410293364155e-06]","[0.0, 0.0, -0.048755]",1.276731491361982e-09,0.995,False,,0.0,False,2.622604167612508e-06,1.103699209803466e-08
moving_zero_current,1,200,0,1.445,0.0050000000000001155,"[0, 0, 0]","[0.39800000190734863, -0.0, 0.0]","[0.39588701725006104, -0.0, 0.0]","[0.0039694351144135, -0.0, -5.0]","[-0.0, 0.0, -0.0]","[0.0, -0.0, -0.0]","[-0.42259693145750976, 0.0, 0.0]","[-0.42259567975997925, 0.0, 0.0]","[-4.859864711761363, 0.0, 0.0]","[-0.28428612042914925, 0.0, 0.0]","[0.0, 0.0, 0.0]","[-28.427182112465058, 0.0, -0.0]","[-0.28428612042914925, 0.0, 0.0]","[0.39588702343606447, 0.0, 0.0]",6.18600343171849e-09,0.995,False,0.010000503015193066,0.0,False,5.155801782730229e-06,2.5663686842314348e-08
moving_matched_current,1,200,0,1.49,0.004999999999999893,"[0.39800000190734863, -0.0, 0.0]","[0.39800000190734863, -0.0, 0.0]","[0.39601001143455505, -0.0, 0.0]","[0.003970049787312746, -0.0, -5.0]","[-0.0, 0.0, -0.0]","[0.0, -0.0, -0.0]","[-0.3979980945587243, 0.0, 0.0]","[-0.39800000190734863, 0.0, 0.0]","[-4.57697808742533, 0.0, 0.0]","[2.2044732961302076e-05, 0.0, 0.0]","[0.0, 0.0, 0.0]","[-0.0, -0.0, -0.0]","[2.2044732961302076e-05, 0.0, 0.0]","[0.3960100018978119, 0.0, 0.0]",9.536743172944284e-09,0.995,False,,0.0,False,4.768371573649066e-06,2.3865399656486375e-08
neutral_zero,2,200,0,1.535,0.004999999999999893,"[0, 0, 0]","[0.0, -0.0, 0.0]","[0.0, -0.0, 0.0]","[0.0, -0.0, -5.0]","[-0.0, 0.0, -0.0]","[0.0, -0.0, -0.0]","[0.0, 0.0, 0.0]","[0.0, 0.0, 0.0]","[0.0, 0.0, 0.0]","[0.0, 0.0, 0.0]","[0.0, 0.0, 0.0]","[-0.0, 0.0, -0.0]","[0.0, 0.0, 0.0]","[0.0, 0.0, 0.0]",0.0,0.995,False,,0.0,False,0.0,0.0
current_x_0.1,2,200,0,1.58,0.0050000000000001155,"[0.1, 0, 0]","[0.0, -0.0, 0.0]","[7.763595021970104e-06, -0.0, 0.0]","[0.0, -0.0, -5.0]","[-0.0, 0.0, -0.0]","[0.0, -0.0, -0.0]","[0.001552719004393985, 0.0, 0.0]","[0.0015527191571891308, 0.0, 0.0]","[0.017856268550530827, 0.0, 0.0]","[0.017945998543247063, 0.0, 0.0]","[0.0, 0.0, 0.0]","[1.7946000000000002, 0.0, -0.0]","[0.017945998543247063, 0.0, 0.0]","[7.763595652173917e-06, 0.0, 0.0]",6.302038121767158e-13,0.995,False,0.009999999188257584,0.0,False,4.365574245417808e-10,2.4541763207156647e-12
current_x_0.2,2,200,0,1.625,0.004999999999999893,"[0.2, 0, 0]","[0.0, -0.0, 0.0]","[3.105438008788042e-05, -0.0, 0.0]","[0.0, -0.0, -5.0]","[-0.0, 0.0, -0.0]","[0.0, -0.0, -0.0]","[0.006210876017576216, 0.0, 0.0]","[0.006210876628756523, 0.0, 0.0]","[0.07142507420212649, 0.0, 0.0]","[0.07178399417299144, 0.0, 0.0]","[0.0, 0.0, 0.0]","[7.178400000000001, 0.0, -0.0]","[0.07178399417299144, 0.0, 0.0]","[3.1054382608695666e-05, 0.0, 0.0]",2.5208152487068633e-12,0.995,False,0.00999999918825803,0.0,False,1.7462296999018467e-09,9.492352677541518e-12
current_x_0.4,2,200,0,1.67,0.004999999999999893,"[0.4, 0, 0]","[0.0, -0.0, 0.0]","[0.00012421752035152167, -0.0, 0.0]","[0.0, -0.0, -5.0]","[-0.0, 0.0, -0.0]","[0.0, -0.0, -0.0]","[0.024843504070304865, 0.0, 0.0]","[0.024843506515026093, 0.0, 0.0]","[0.28570029680850595, 0.0, 0.0]","[0.2871359766919658, 0.0, 0.0]","[0.0, 0.0, 0.0]","[28.713600000000003, 0.0, -0.0]","[0.2871359766919658, 0.0, 0.0]","[0.00012421753043478267, 0.0, 0.0]",1.0083260994827453e-11,0.995,False,0.00999999918825803,0.0,False,8.847563900266087e-09,4.2257438108601886e-11
current_x_0.8,2,200,0,1.715,0.0050000000000001155,"[0.8, 0, 0]","[0.0, -0.0, 0.0]","[0.0004968700814060867, -0.0, 0.0]","[2.4843504888849566e-06, -0.0, -5.0]","[-0.0, 0.0, -0.0]","[0.0, -0.0, -0.0]","[0.09937401628121505, 0.0, 0.0]","[0.09937402606010437, 0.0, 0.0]","[1.142801187233973, 0.0, 0.0]","[1.148543906767812, 0.0, 0.0]","[0.0, 0.0, 0.0]","[114.85440000000001, 0.0, -0.0]","[1.148543906767812, 0.0, 0.0]","[0.0004968701217391307, 0.0, 0.0]",4.033304397930981e-11,0.995,False,0.009999999188257584,0.0,False,2.7008356745517048e-08,1.2058425308617005e-10
current_x_negative,2,200,0,1.76,0.0050000000000001155,"[-0.4, 0, 0]","[0.0, -0.0, 0.0]","[-0.00012421752035152167, -0.0, 0.0]","[0.0, -0.0, -5.0]","[-0.0, 0.0, -0.0]","[0.0, -0.0, -0.0]","[-0.02484350407030376, 0.0, 0.0]","[-0.024843506515026093, 0.0, 0.0]","[-0.28570029680849324, 0.0, 0.0]","[-0.287135976691953, 0.0, 0.0]","[0.0, 0.0, 0.0]","[-28.713600000000003, 0.0, -0.0]","[-0.287135976691953, 0.0, 0.0]","[-0.00012421753043478267, 0.0, 0.0]",1.0083260994827453e-11,0.995,False,0.009999999188257584,0.0,False,8.847564972325195e-09,4.2257438108601886e-11
current_1_-1,2,200,0,1.805,0.004999999999999893,"[0, -0.4, 0]","[0.0, -0.0, 0.0]","[0.0, -0.00012421752035152167, 0.0]","[0.0, -0.0, -5.0]","[-0.0, 0.0, -0.0]","[0.0, -0.0, -0.0]","[0.0, -0.024843504070304865, 0.0]","[0.0, -0.024843506515026093, 0.0]","[0.0, -0.28570029680850595, 0.0]","[0.0, -0.2871359766919658, 0.0]","[0.0, 0.0, 0.0]","[-0.0, -28.713600000000003, -0.0]","[0.0, -0.2871359766919658, 0.0]","[0.0, -0.00012421753043478267, 0.0]",1.0083260994827453e-11,0.995,False,0.00999999918825803,0.0,False,8.847563900266087e-09,4.2257438108601886e-11
current_1_1,2,200,0,1.85,0.0050000000000001155,"[0, 0.4, 0]","[0.0, -0.0, 0.0]","[0.0, 0.00012421752035152167, 0.0]","[0.0, -0.0, -5.0]","[-0.0, 0.0, -0.0]","[0.0, -0.0, -0.0]","[0.0, 0.02484350407030376, 0.0]","[0.0, 0.024843506515026093, 0.0]","[0.0, 0.28570029680849324, 0.0]","[0.0, 0.287135976691953, 0.0]","[0.0, 0.0, 0.0]","[-0.0, 28.713600000000003, -0.0]","[0.0, 0.287135976691953, 0.0]","[0.0, 0.00012421753043478267, 0.0]",1.0083260994827453e-11,0.995,False,0.009999999188257584,0.0,False,8.847564972325195e-09,4.2257438108601886e-11
current_2_-1,2,200,0,1.895,0.0050000000000001155,"[0, 0, -0.4]","[0.0, -0.0, 0.0]","[0.0, -0.0, -0.00012421752035152167]","[0.0, -0.0, -5.0]","[-0.0, 0.0, -0.0]","[0.0, -0.0, -0.0]","[0.0, 0.0, -0.02484350407030376]","[0.0, 0.0, -0.024843506515026093]","[0.0, 0.0, -0.28570029680849324]","[0.0, 0.0, -0.287135976691953]","[0.0, 0.0, 0.0]","[-0.0, 0.0, -28.713600000000003]","[0.0, 0.0, -0.287135976691953]","[0.0, 0.0, -0.00012421753043478267]",1.0083260994827453e-11,0.995,False,0.009999999188257584,0.0,False,8.847564972325195e-09,4.2257438108601886e-11
current_2_1,2,200,0,1.94,0.004999999999999893,"[0, 0, 0.4]","[0.0, -0.0, 0.0]","[0.0, -0.0, 0.00012421752035152167]","[0.0, -0.0, -5.0]","[-0.0, 0.0, -0.0]","[0.0, -0.0, -0.0]","[0.0, 0.0, 0.024843504070304865]","[0.0, 0.0, 0.024843506515026093]","[0.0, 0.0, 0.28570029680850595]","[0.0, 0.0, 0.2871359766919658]","[0.0, 0.0, 0.0]","[-0.0, 0.0, 28.713600000000003]","[0.0, 0.0, 0.2871359766919658]","[0.0, 0.0, 0.00012421753043478267]",1.0083260994827453e-11,0.995,False,0.00999999918825803,0.0,False,8.847563900266087e-09,4.2257438108601886e-11
yaw90_world_current,2,200,0,1.985,0.0050000000000001155,"[0.4, 0, 0]","[0.0, -0.0, 0.0]","[0.00012421752035152167, -0.0, 0.0]","[0.0, -0.0, -5.0]","[-0.0, 0.0, -0.0]","[0.0, -0.0, 90.00000762939453]","[0.02484350407030376, 0.0, 0.0]","[0.024843506515026093, 0.0, 0.0]","[0.28570029680849324, 0.0, 0.0]","[0.287135976691953, 0.0, 0.0]","[0.0, 0.0, 0.0]","[28.713600000000003, 0.0, -0.0]","[0.287135976691953, 0.0, 0.0]","[0.00012421753043478267, 0.0, 0.0]",1.0083260994827453e-11,0.995,False,0.009999999188257584,0.0,False,8.847564972325195e-09,4.2257438108601886e-11
thrust_0_10N,2,200,0,2.03,0.004999999999999893,"[0, 0, 0]","[0.0, -0.0, 0.0]","[0.0043260869570076466, -0.0, 0.0]","[2.1630432456731796e-05, -0.0, -5.0]","[-0.0, 0.0, -0.0]","[0.0, -0.0, -0.0]","[0.8652173914015477, 0.0, 0.0]","[0.865217387676239, 0.0, 0.0]","[9.950000001117798, 0.0, 0.0]","[10.000000001123416, 0.0, 0.0]","[10, 0.0, 0.0]","[-0.0, 0.0, -0.0]","[1.1234160268713822e-09, 0.0, 0.0]","[0.004326086956521739, 0.0, 0.0]",4.859073213236975e-13,0.995,False,,0.0,False,1.3038521851083118e-07,8.344169868945706e-10
thrust_1_10N,2,200,0,2.075,0.0050000000000003375,"[0, 0, 0]","[0.0, -0.0, 0.0]","[0.0, 0.0043260869570076466, 0.0]","[0.0, 2.1630432456731796e-05, -5.0]","[-0.0, -3.375426319547065e-23, 2.2121193927783644e-18]","[0.0, -0.0, -0.0]","[0.0, 0.8652173914014709, 0.0]","[0.0, 0.865217387676239, 0.0]","[0.0, 9.950000001116916, 0.0]","[0.0, 10.000000001122528, 0.0]","[0.0, 10, 0.0]","[-0.0, 0.0, -0.0]","[0.0, 1.122527848451682e-09, 0.0]","[0.0, 0.004326086956521739, 0.0]",4.859073213236975e-13,0.995,False,,1.6360357148323525e-17,False,1.3038514212748709e-07,8.344169868945706e-10
thrust_2_10N,2,200,0,2.12,0.004999999999999893,"[0, 0, 0]","[0.0, -0.0, 0.0]","[0.0, -0.0, 0.0043260869570076466]","[0.0, -0.0, -4.999978065490723]","[-0.0, 7.560955056759621e-21, -0.0]","[0.0, -0.0, -0.0]","[0.0, 0.0, 0.8652173914015477]","[0.0, 0.0, 0.865217387676239]","[0.0, 0.0, 9.950000001117798]","[0.0, 0.0, 10.000000001123416]","[0.0, 0.0, 10]","[-0.0, 0.0, -0.0]","[0.0, 0.0, 1.1234160268713822e-09]","[0.0, 0.0, 0.004326086956521739]",4.859073213236975e-13,0.995,False,,5.969966691008925e-20,False,1.3038514212748709e-07,8.344169868945706e-10
gravity_air,2,200,0,2.165,0.004999999999999893,"[0, 0, 0]","[0, 0, 0]","[0.0, -0.0, -0.04875500127673149]","[0.0, -0.0, 19.999755859375]","[-0.0, 0.0, -0.0]","[0.0, -0.0, -0.0]","[0.0, -0.0, -9.751000255346506]","[0.0, 0.0, -9.75100040435791]","[0.0, -0.0, -112.13650293648482]","[0.0, -0.0, -112.70000295124103]","[0.0, 0.0, 0.0]","[0, 0, 0]","[0.0, -0.0, -2.9512410293364155e-06]","[0.0, 0.0, -0.048755]",1.276731491361982e-09,0.995,False,,0.0,False,2.622604167612508e-06,1.103699209803466e-08
moving_zero_current,2,200,0,2.21,0.004999999999999893,"[0, 0, 0]","[0.39800000190734863, -0.0, 0.0]","[0.39588701725006104, -0.0, 0.0]","[0.0039694351144135, -0.0, -5.0]","[-0.0, 0.0, -0.0]","[0.0, -0.0, -0.0]","[-0.4225969314575285, 0.0, 0.0]","[-0.42259567975997925, 0.0, 0.0]","[-4.859864711761578, 0.0, 0.0]","[-0.28428612042916185, 0.0, 0.0]","[0.0, 0.0, 0.0]","[-28.427182112465058, 0.0, -0.0]","[-0.28428612042916185, 0.0, 0.0]","[0.39588702343606447, 0.0, 0.0]",6.18600343171849e-09,0.995,False,0.01000050301519351,0.0,False,5.155801801270954e-06,2.5663686842314348e-08
moving_matched_current,2,200,0,2.255,0.004999999999999893,"[0.39800000190734863, -0.0, 0.0]","[0.39800000190734863, -0.0, 0.0]","[0.39601001143455505, -0.0, 0.0]","[0.003970049787312746, -0.0, -5.0]","[-0.0, 0.0, -0.0]","[0.0, -0.0, -0.0]","[-0.3979980945587243, 0.0, 0.0]","[-0.39800000190734863, 0.0, 0.0]","[-4.57697808742533, 0.0, 0.0]","[2.2044732961302076e-05, 0.0, 0.0]","[0.0, 0.0, 0.0]","[-0.0, -0.0, -0.0]","[2.2044732961302076e-05, 0.0, 0.0]","[0.3960100018978119, 0.0, 0.0]",9.536743172944284e-09,0.995,False,,0.0,False,4.768371573649066e-06,2.3865399656486375e-08
