build,case_family,ratio
Before (stock 2.3.0),current magnitude (+X),0.01000000038952781
Before (stock 2.3.0),current magnitude (+X),0.01000000038952781
Before (stock 2.3.0),current magnitude (+X),0.01000000038952781
Before (stock 2.3.0),current magnitude (+X),0.010000000389527777
Before (stock 2.3.0),current magnitude (+X),0.01000000038952784
Before (stock 2.3.0),current magnitude (+X),0.01000000038952784
Before (stock 2.3.0),current magnitude (+X),0.01000000038952784
Before (stock 2.3.0),current magnitude (+X),0.01000000038952784
Before (stock 2.3.0),current magnitude (+X),0.01000000038952784
Before (stock 2.3.0),current magnitude (+X),0.01000000038952784
Before (stock 2.3.0),current magnitude (+X),0.01000000038952784
Before (stock 2.3.0),current magnitude (+X),0.01000000038952784
Before (stock 2.3.0),current magnitude (+X),0.0099999995314205
Before (stock 2.3.0),current magnitude (+X),0.0099999995314205
Before (stock 2.3.0),current magnitude (+X),0.0099999995314205
Before (stock 2.3.0),current magnitude (+X),0.0099999995314205
Before (stock 2.3.0),current magnitude (+X),0.009999999531420722
Before (stock 2.3.0),current magnitude (+X),0.0099999995314205
Before (stock 2.3.0),current magnitude (+X),0.0099999995314205
Before (stock 2.3.0),current magnitude (+X),0.0099999995314205
Before (stock 2.3.0),current magnitude (+X),0.009999999531420277
Before (stock 2.3.0),current magnitude (+X),0.009999999531420722
Before (stock 2.3.0),current magnitude (+X),0.009999999531420722
Before (stock 2.3.0),current magnitude (+X),0.009999999531420277
Before (stock 2.3.0),current magnitude (+X),0.009999999188257806
Before (stock 2.3.0),current magnitude (+X),0.009999999188257806
Before (stock 2.3.0),current magnitude (+X),0.009999999188257806
Before (stock 2.3.0),current magnitude (+X),0.009999999188257806
Before (stock 2.3.0),current magnitude (+X),0.00999999918825803
Before (stock 2.3.0),current magnitude (+X),0.009999999188257806
Before (stock 2.3.0),current magnitude (+X),0.009999999188257806
Before (stock 2.3.0),current magnitude (+X),0.009999999188257806
Before (stock 2.3.0),current magnitude (+X),0.009999999188257584
Before (stock 2.3.0),current magnitude (+X),0.00999999918825803
Before (stock 2.3.0),current magnitude (+X),0.00999999918825803
Before (stock 2.3.0),current magnitude (+X),0.009999999188257584
Before (stock 2.3.0),signed axes,0.010000000389527777
Before (stock 2.3.0),signed axes,0.01000000038952784
Before (stock 2.3.0),signed axes,0.01000000038952784
Before (stock 2.3.0),signed axes,0.01000000038952784
Before (stock 2.3.0),signed axes,0.01000000038952784
Before (stock 2.3.0),signed axes,0.010000000389527577
Before (stock 2.3.0),signed axes,0.01000000038952784
Before (stock 2.3.0),signed axes,0.01000000038952784
Before (stock 2.3.0),signed axes,0.01000000038952784
Before (stock 2.3.0),signed axes,0.01000000038952784
Before (stock 2.3.0),signed axes,0.01000000038952784
Before (stock 2.3.0),signed axes,0.01000000038952784
Before (stock 2.3.0),signed axes,0.01000000038952784
Before (stock 2.3.0),signed axes,0.01000000038952784
Before (stock 2.3.0),signed axes,0.01000000038952784
Before (stock 2.3.0),signed axes,0.0099999995314205
Before (stock 2.3.0),signed axes,0.0099999995314205
Before (stock 2.3.0),signed axes,0.0099999995314205
Before (stock 2.3.0),signed axes,0.0099999995314205
Before (stock 2.3.0),signed axes,0.00999999953142061
Before (stock 2.3.0),signed axes,0.0099999995314205
Before (stock 2.3.0),signed axes,0.009999999531420277
Before (stock 2.3.0),signed axes,0.009999999531420722
Before (stock 2.3.0),signed axes,0.009999999531420722
Before (stock 2.3.0),signed axes,0.009999999531420277
Before (stock 2.3.0),signed axes,0.009999999531420277
Before (stock 2.3.0),signed axes,0.009999999531420722
Before (stock 2.3.0),signed axes,0.009999999531420277
Before (stock 2.3.0),signed axes,0.009999999531420277
Before (stock 2.3.0),signed axes,0.009999999531420722
Before (stock 2.3.0),signed axes,0.009999999188257806
Before (stock 2.3.0),signed axes,0.009999999188257806
Before (stock 2.3.0),signed axes,0.009999999188257806
Before (stock 2.3.0),signed axes,0.009999999188257806
Before (stock 2.3.0),signed axes,0.009999999188257919
Before (stock 2.3.0),signed axes,0.009999999188257806
Before (stock 2.3.0),signed axes,0.009999999188257584
Before (stock 2.3.0),signed axes,0.00999999918825803
Before (stock 2.3.0),signed axes,0.00999999918825803
Before (stock 2.3.0),signed axes,0.009999999188257584
Before (stock 2.3.0),signed axes,0.009999999188257584
Before (stock 2.3.0),signed axes,0.00999999918825803
Before (stock 2.3.0),signed axes,0.009999999188257584
Before (stock 2.3.0),signed axes,0.009999999188257584
Before (stock 2.3.0),signed axes,0.00999999918825803
Before (stock 2.3.0),yaw 90 deg,0.01000000038952784
Before (stock 2.3.0),yaw 90 deg,0.01000000038952784
Before (stock 2.3.0),yaw 90 deg,0.01000000038952784
Before (stock 2.3.0),yaw 90 deg,0.0099999995314205
Before (stock 2.3.0),yaw 90 deg,0.009999999531420722
Before (stock 2.3.0),yaw 90 deg,0.009999999531420277
Before (stock 2.3.0),yaw 90 deg,0.009999999188257806
Before (stock 2.3.0),yaw 90 deg,0.00999999918825803
Before (stock 2.3.0),yaw 90 deg,0.009999999188257584
Before (stock 2.3.0),"moving, still water",0.009999510309292968
Before (stock 2.3.0),"moving, still water",0.009999510309292968
Before (stock 2.3.0),"moving, still water",0.009999510309292968
Before (stock 2.3.0),"moving, still water",0.010000365838689127
Before (stock 2.3.0),"moving, still water",0.010000365838688907
Before (stock 2.3.0),"moving, still water",0.010000365838689351
Before (stock 2.3.0),"moving, still water",0.010000503015193288
Before (stock 2.3.0),"moving, still water",0.010000503015193066
Before (stock 2.3.0),"moving, still water",0.01000050301519351
Before (stock 2.3.0),"moving, still water",0.009999560522508963
Before (stock 2.3.0),"moving, still water",0.0099995103092929
Before (stock 2.3.0),"moving, still water",0.009999861801814069
Before (stock 2.3.0),"moving, still water",0.009999510309292968
Before (stock 2.3.0),"moving, still water",0.009999510309292968
Before (stock 2.3.0),"moving, still water",0.009999510309292968
Before (stock 2.3.0),"moving, still water",0.009999510309292968
Before (stock 2.3.0),"moving, still water",0.009999510309292968
Before (stock 2.3.0),"moving, still water",0.009999510309292832
Before (stock 2.3.0),"moving, still water",0.009999560522508995
Before (stock 2.3.0),"moving, still water",0.009999510309292968
Before (stock 2.3.0),"moving, still water",0.00999986180181387
Before (stock 2.3.0),"moving, still water",0.009999510309292968
Before (stock 2.3.0),"moving, still water",0.009999510309292968
Before (stock 2.3.0),"moving, still water",0.009999510309292968
Before (stock 2.3.0),"moving, still water",0.009999510309292968
Before (stock 2.3.0),"moving, still water",0.009999510309292702
Before (stock 2.3.0),"moving, still water",0.009999510309292968
Before (stock 2.3.0),"moving, still water",0.009999560522508995
Before (stock 2.3.0),"moving, still water",0.009999510309292968
Before (stock 2.3.0),"moving, still water",0.009999861801814136
Before (stock 2.3.0),"moving, still water",0.009999510309292968
Before (stock 2.3.0),"moving, still water",0.009999510309292968
Before (stock 2.3.0),"moving, still water",0.009999510309292968
Before (stock 2.3.0),"moving, still water",0.009999510309292968
Before (stock 2.3.0),"moving, still water",0.009999510309292968
Before (stock 2.3.0),"moving, still water",0.009999510309292968
Before (stock 2.3.0),"moving, still water",0.00999968926140341
Before (stock 2.3.0),"moving, still water",0.010000365838689127
Before (stock 2.3.0),"moving, still water",0.010000089057073275
Before (stock 2.3.0),"moving, still water",0.010000365838689127
Before (stock 2.3.0),"moving, still water",0.010000365838689127
Before (stock 2.3.0),"moving, still water",0.010000365838689127
Before (stock 2.3.0),"moving, still water",0.01000036583868924
Before (stock 2.3.0),"moving, still water",0.010000365838689127
Before (stock 2.3.0),"moving, still water",0.010000365838689127
Before (stock 2.3.0),"moving, still water",0.00999968926140341
Before (stock 2.3.0),"moving, still water",0.010000365838689127
Before (stock 2.3.0),"moving, still water",0.010000089057073275
Before (stock 2.3.0),"moving, still water",0.010000365838689351
Before (stock 2.3.0),"moving, still water",0.010000365838689127
Before (stock 2.3.0),"moving, still water",0.010000365838689127
Before (stock 2.3.0),"moving, still water",0.010000365838689127
Before (stock 2.3.0),"moving, still water",0.010000365838689127
Before (stock 2.3.0),"moving, still water",0.010000365838688907
Before (stock 2.3.0),"moving, still water",0.009999689261403634
Before (stock 2.3.0),"moving, still water",0.010000365838689351
Before (stock 2.3.0),"moving, still water",0.010000089057073053
Before (stock 2.3.0),"moving, still water",0.010000365838689351
Before (stock 2.3.0),"moving, still water",0.010000365838689351
Before (stock 2.3.0),"moving, still water",0.010000365838688907
Before (stock 2.3.0),"moving, still water",0.010000365838689351
Before (stock 2.3.0),"moving, still water",0.010000365838689351
Before (stock 2.3.0),"moving, still water",0.010000365838688907
Before (stock 2.3.0),"moving, still water",0.010002150911820027
Before (stock 2.3.0),"moving, still water",0.010000503015193288
Before (stock 2.3.0),"moving, still water",0.009999679066877673
Before (stock 2.3.0),"moving, still water",0.010000503015193288
Before (stock 2.3.0),"moving, still water",0.010000503015193288
Before (stock 2.3.0),"moving, still water",0.010000503015193288
Before (stock 2.3.0),"moving, still water",0.0100005030151934
Before (stock 2.3.0),"moving, still water",0.010000503015193288
Before (stock 2.3.0),"moving, still water",0.010000503015193288
Before (stock 2.3.0),"moving, still water",0.010002150911820027
Before (stock 2.3.0),"moving, still water",0.010000503015193288
Before (stock 2.3.0),"moving, still water",0.009999679066877673
Before (stock 2.3.0),"moving, still water",0.01000050301519351
Before (stock 2.3.0),"moving, still water",0.010000503015193288
Before (stock 2.3.0),"moving, still water",0.010000503015193288
Before (stock 2.3.0),"moving, still water",0.010000503015193288
Before (stock 2.3.0),"moving, still water",0.010000503015193288
Before (stock 2.3.0),"moving, still water",0.010000503015193066
Before (stock 2.3.0),"moving, still water",0.01000215091182025
Before (stock 2.3.0),"moving, still water",0.01000050301519351
Before (stock 2.3.0),"moving, still water",0.00999967906687745
Before (stock 2.3.0),"moving, still water",0.01000050301519351
Before (stock 2.3.0),"moving, still water",0.01000050301519351
Before (stock 2.3.0),"moving, still water",0.010000503015193066
Before (stock 2.3.0),"moving, still water",0.01000050301519351
Before (stock 2.3.0),"moving, still water",0.01000050301519351
Before (stock 2.3.0),"moving, still water",0.010000503015193066
After (patched 2.3.0),current magnitude (+X),1.0000000702469563
After (patched 2.3.0),current magnitude (+X),1.0000000702469563
After (patched 2.3.0),current magnitude (+X),1.0000000702469563
After (patched 2.3.0),current magnitude (+X),1.000000070246953
After (patched 2.3.0),current magnitude (+X),1.0000000702469598
After (patched 2.3.0),current magnitude (+X),1.0000000702469598
After (patched 2.3.0),current magnitude (+X),1.0000000702469598
After (patched 2.3.0),current magnitude (+X),1.0000000702469598
After (patched 2.3.0),current magnitude (+X),1.0000000702469598
After (patched 2.3.0),current magnitude (+X),1.0000000702469598
After (patched 2.3.0),current magnitude (+X),1.0000000702469598
After (patched 2.3.0),current magnitude (+X),1.0000000702469598
After (patched 2.3.0),current magnitude (+X),1.0000000096573958
After (patched 2.3.0),current magnitude (+X),1.0000000096573958
After (patched 2.3.0),current magnitude (+X),1.0000000096573958
After (patched 2.3.0),current magnitude (+X),1.0000000096573958
After (patched 2.3.0),current magnitude (+X),1.000000009657418
After (patched 2.3.0),current magnitude (+X),1.0000000096573958
After (patched 2.3.0),current magnitude (+X),1.0000000096573958
After (patched 2.3.0),current magnitude (+X),1.0000000096573958
After (patched 2.3.0),current magnitude (+X),1.0000000096573738
After (patched 2.3.0),current magnitude (+X),1.000000009657418
After (patched 2.3.0),current magnitude (+X),1.000000009657418
After (patched 2.3.0),current magnitude (+X),1.0000000096573738
After (patched 2.3.0),current magnitude (+X),0.9999999422555095
After (patched 2.3.0),current magnitude (+X),0.9999999422555095
After (patched 2.3.0),current magnitude (+X),0.9999999422555095
After (patched 2.3.0),current magnitude (+X),0.9999999422555095
After (patched 2.3.0),current magnitude (+X),0.9999999422555318
After (patched 2.3.0),current magnitude (+X),0.9999999422555095
After (patched 2.3.0),current magnitude (+X),0.9999999422555095
After (patched 2.3.0),current magnitude (+X),0.9999999422555095
After (patched 2.3.0),current magnitude (+X),0.9999999422554873
After (patched 2.3.0),current magnitude (+X),0.9999999422555318
After (patched 2.3.0),current magnitude (+X),0.9999999422555318
After (patched 2.3.0),current magnitude (+X),0.9999999422554873
After (patched 2.3.0),signed axes,1.000000070246953
After (patched 2.3.0),signed axes,1.0000000702469598
After (patched 2.3.0),signed axes,1.0000000702469598
After (patched 2.3.0),signed axes,1.0000000702469598
After (patched 2.3.0),signed axes,1.0000000702469598
After (patched 2.3.0),signed axes,1.000000070246933
After (patched 2.3.0),signed axes,1.0000000702469598
After (patched 2.3.0),signed axes,1.0000000702469598
After (patched 2.3.0),signed axes,1.0000000702469598
After (patched 2.3.0),signed axes,1.0000000702469598
After (patched 2.3.0),signed axes,1.0000000702469598
After (patched 2.3.0),signed axes,1.0000000702469598
After (patched 2.3.0),signed axes,1.0000000702469598
After (patched 2.3.0),signed axes,1.0000000702469598
After (patched 2.3.0),signed axes,1.0000000702469598
After (patched 2.3.0),signed axes,1.0000000096573958
After (patched 2.3.0),signed axes,1.0000000096573958
After (patched 2.3.0),signed axes,1.0000000096573958
After (patched 2.3.0),signed axes,1.0000000096573958
After (patched 2.3.0),signed axes,1.0000000096574069
After (patched 2.3.0),signed axes,1.0000000096573958
After (patched 2.3.0),signed axes,1.0000000096573738
After (patched 2.3.0),signed axes,1.000000009657418
After (patched 2.3.0),signed axes,1.000000009657418
After (patched 2.3.0),signed axes,1.0000000096573738
After (patched 2.3.0),signed axes,1.0000000096573738
After (patched 2.3.0),signed axes,1.000000009657418
After (patched 2.3.0),signed axes,1.0000000096573738
After (patched 2.3.0),signed axes,1.0000000096573738
After (patched 2.3.0),signed axes,1.000000009657418
After (patched 2.3.0),signed axes,0.9999999422555095
After (patched 2.3.0),signed axes,0.9999999422555095
After (patched 2.3.0),signed axes,0.9999999422555095
After (patched 2.3.0),signed axes,0.9999999422555095
After (patched 2.3.0),signed axes,0.9999999422555207
After (patched 2.3.0),signed axes,0.9999999422555095
After (patched 2.3.0),signed axes,0.9999999422554873
After (patched 2.3.0),signed axes,0.9999999422555318
After (patched 2.3.0),signed axes,0.9999999422555318
After (patched 2.3.0),signed axes,0.9999999422554873
After (patched 2.3.0),signed axes,0.9999999422554873
After (patched 2.3.0),signed axes,0.9999999422555318
After (patched 2.3.0),signed axes,0.9999999422554873
After (patched 2.3.0),signed axes,0.9999999422554873
After (patched 2.3.0),signed axes,0.9999999422555318
After (patched 2.3.0),yaw 90 deg,1.0000000702469598
After (patched 2.3.0),yaw 90 deg,1.0000000702469598
After (patched 2.3.0),yaw 90 deg,1.0000000702469598
After (patched 2.3.0),yaw 90 deg,1.0000000096573958
After (patched 2.3.0),yaw 90 deg,1.000000009657418
After (patched 2.3.0),yaw 90 deg,1.0000000096573738
After (patched 2.3.0),yaw 90 deg,0.9999999422555095
After (patched 2.3.0),yaw 90 deg,0.9999999422555318
After (patched 2.3.0),yaw 90 deg,0.9999999422554873
After (patched 2.3.0),"moving, still water",0.9999995368972111
After (patched 2.3.0),"moving, still water",0.9999995368972111
After (patched 2.3.0),"moving, still water",0.9999995368972111
After (patched 2.3.0),"moving, still water",1.0000002332166535
After (patched 2.3.0),"moving, still water",1.0000002332166313
After (patched 2.3.0),"moving, still water",1.0000002332166757
After (patched 2.3.0),"moving, still water",1.0000010584905676
After (patched 2.3.0),"moving, still water",1.0000010584905454
After (patched 2.3.0),"moving, still water",1.00000105849059
After (patched 2.3.0),"moving, still water",0.9999988339121642
After (patched 2.3.0),"moving, still water",0.9999995368972044
After (patched 2.3.0),"moving, still water",0.9999998883897255
After (patched 2.3.0),"moving, still water",0.9999995368972111
After (patched 2.3.0),"moving, still water",0.9999995368972111
After (patched 2.3.0),"moving, still water",0.9999995368972111
After (patched 2.3.0),"moving, still water",0.9999995368972111
After (patched 2.3.0),"moving, still water",0.9999995368972111
After (patched 2.3.0),"moving, still water",0.9999995368971978
After (patched 2.3.0),"moving, still water",0.9999988339121674
After (patched 2.3.0),"moving, still water",0.9999995368972111
After (patched 2.3.0),"moving, still water",0.9999998883897055
After (patched 2.3.0),"moving, still water",0.9999995368972111
After (patched 2.3.0),"moving, still water",0.9999995368972111
After (patched 2.3.0),"moving, still water",0.9999995368972111
After (patched 2.3.0),"moving, still water",0.9999995368972111
After (patched 2.3.0),"moving, still water",0.9999995368971843
After (patched 2.3.0),"moving, still water",0.9999995368972111
After (patched 2.3.0),"moving, still water",0.9999988339121674
After (patched 2.3.0),"moving, still water",0.9999995368972111
After (patched 2.3.0),"moving, still water",0.9999998883897321
After (patched 2.3.0),"moving, still water",0.9999995368972111
After (patched 2.3.0),"moving, still water",0.9999995368972111
After (patched 2.3.0),"moving, still water",0.9999995368972111
After (patched 2.3.0),"moving, still water",0.9999995368972111
After (patched 2.3.0),"moving, still water",0.9999995368972111
After (patched 2.3.0),"moving, still water",0.9999995368972111
After (patched 2.3.0),"moving, still water",0.999999556639368
After (patched 2.3.0),"moving, still water",1.0000002332166535
After (patched 2.3.0),"moving, still water",0.9999999564350365
After (patched 2.3.0),"moving, still water",1.0000002332166535
After (patched 2.3.0),"moving, still water",1.0000002332166535
After (patched 2.3.0),"moving, still water",1.0000002332166535
After (patched 2.3.0),"moving, still water",1.0000002332166646
After (patched 2.3.0),"moving, still water",1.0000002332166535
After (patched 2.3.0),"moving, still water",1.0000002332166535
After (patched 2.3.0),"moving, still water",0.999999556639368
After (patched 2.3.0),"moving, still water",1.0000002332166535
After (patched 2.3.0),"moving, still water",0.9999999564350365
After (patched 2.3.0),"moving, still water",1.0000002332166757
After (patched 2.3.0),"moving, still water",1.0000002332166535
After (patched 2.3.0),"moving, still water",1.0000002332166535
After (patched 2.3.0),"moving, still water",1.0000002332166535
After (patched 2.3.0),"moving, still water",1.0000002332166535
After (patched 2.3.0),"moving, still water",1.0000002332166313
After (patched 2.3.0),"moving, still water",0.9999995566393902
After (patched 2.3.0),"moving, still water",1.0000002332166757
After (patched 2.3.0),"moving, still water",0.9999999564350144
After (patched 2.3.0),"moving, still water",1.0000002332166757
After (patched 2.3.0),"moving, still water",1.0000002332166757
After (patched 2.3.0),"moving, still water",1.0000002332166313
After (patched 2.3.0),"moving, still water",1.0000002332166757
After (patched 2.3.0),"moving, still water",1.0000002332166757
After (patched 2.3.0),"moving, still water",1.0000002332166313
After (patched 2.3.0),"moving, still water",1.0000002830098063
After (patched 2.3.0),"moving, still water",1.0000010584905676
After (patched 2.3.0),"moving, still water",1.0000002345422567
After (patched 2.3.0),"moving, still water",1.0000010584905676
After (patched 2.3.0),"moving, still water",1.0000010584905676
After (patched 2.3.0),"moving, still water",1.0000010584905676
After (patched 2.3.0),"moving, still water",1.000001058490579
After (patched 2.3.0),"moving, still water",1.0000010584905676
After (patched 2.3.0),"moving, still water",1.0000010584905676
After (patched 2.3.0),"moving, still water",1.0000002830098063
After (patched 2.3.0),"moving, still water",1.0000010584905676
After (patched 2.3.0),"moving, still water",1.0000002345422567
After (patched 2.3.0),"moving, still water",1.00000105849059
After (patched 2.3.0),"moving, still water",1.0000010584905676
After (patched 2.3.0),"moving, still water",1.0000010584905676
After (patched 2.3.0),"moving, still water",1.0000010584905676
After (patched 2.3.0),"moving, still water",1.0000010584905676
After (patched 2.3.0),"moving, still water",1.0000010584905454
After (patched 2.3.0),"moving, still water",1.0000002830098285
After (patched 2.3.0),"moving, still water",1.00000105849059
After (patched 2.3.0),"moving, still water",1.0000002345422345
After (patched 2.3.0),"moving, still water",1.00000105849059
After (patched 2.3.0),"moving, still water",1.00000105849059
After (patched 2.3.0),"moving, still water",1.0000010584905454
After (patched 2.3.0),"moving, still water",1.00000105849059
After (patched 2.3.0),"moving, still water",1.00000105849059
After (patched 2.3.0),"moving, still water",1.0000010584905454
