t_s,phase,power_propulsion_W,current_A,voltage_V,soc,battery_temperature_C
0.01,hold_start,0.0,1.4001704485622337,16.743993182057512,0.9999997839243135,19.999917320848088
0.10999999999999999,hold_start,3.6856282468911497,1.6211440724330577,16.7351398019906,0.9999973439714326,19.999092409332214
0.21000000000000005,hold_start,6.691163482330826,1.801516762001414,16.727908705826195,0.9999946180391958,19.998269705258767
0.3100000000000001,hold_start,6.691156787607752,1.801518164265106,16.727891969019044,0.9999918379195457,19.997447547041048
0.4100000000000002,hold_start,8.69360282069849,1.9217797760108688,16.72306456042192,0.9999889953394397,19.99662602331694
0.5100000000000002,hold_start,12.156293169062335,2.1299031987142367,16.71472094835012,0.9999858506943496,19.995807173519026
0.6100000000000003,hold_start,13.369425656621658,2.2028692059981783,16.71178207077654,0.9999824665537927,19.99499063778279
0.7100000000000004,hold_start,13.369409284089706,2.2028709239887445,16.711761605112663,0.9999790670628191,19.99417438282263
0.8100000000000005,hold_start,13.369392911546772,2.2028726419849862,16.711741139432657,0.9999756675691943,19.993358263918857
0.9100000000000006,hold_start,13.369376538989366,2.2028743599866982,16.711720673736526,0.9999722680729183,19.992542281048788
1.0100000000000007,hold_start,15.939010170091468,2.3575122489022013,16.705514311908754,0.9999687698305215,19.991727396728464
1.1100000000000008,hold_start,19.379194967444242,2.5647192945909576,16.697203277647024,0.9999649457817622,19.990915990188075
1.2100000000000009,hold_start,21.384967391805723,2.685627342602544,16.69234265123605,0.9999608763746948,19.990107421319614
1.310000000000001,hold_start,22.53216534818935,2.7548142241336877,16.689550021142406,0.9999566732256405,19.989300532720055
1.410000000000001,hold_start,23.37679489769628,2.805769495649063,16.687486058547194,0.9999523734064066,19.988494928307656
1.5100000000000011,hold_start,25.134075423105998,2.9118195856847806,16.683217636962937,0.9999479540435133,19.987690919483757
1.6100000000000012,hold_start,26.424930818107875,2.9897576520970213,16.680072790372773,0.9999433880270887,19.986888887193622
1.7100000000000013,hold_start,26.687058591844984,3.0055918145497498,16.679411619903995,0.9999387515884335,19.986087894134428
1.8100000000000014,hold_start,27.621627386987193,3.062042758660065,16.677125649864507,0.9999340874976888,19.985287395865015
1.9100000000000015,hold_start,30.123035880552116,3.2132036878766668,16.67105030630497,0.9999292464385724,19.984489390759368
2.010000000000001,hold_start,32.916512478801216,3.3821453627087017,16.664262141029667,0.9999241373203227,19.98369525272819
2.109999999999999,hold_start,34.90283313735161,3.502359117529078,16.659421727992356,0.9999188082947348,19.98290445565571
2.209999999999997,hold_start,36.44691101784833,3.5958584159476636,16.655648953438792,0.999913326763027,19.98211609607739
2.3099999999999947,hold_start,39.11394434911382,3.757452126344512,16.649151257296,0.9999076438712405,19.981331018911252
2.4099999999999926,hold_start,42.193202033252334,3.9441798257666454,16.641646521514406,0.9999016770877854,19.980550704393085
2.5099999999999905,hold_start,43.915998721433915,4.048729459067857,16.63742757990721,0.9998955015743922,19.97977405992182
2.6099999999999883,hold_start,45.35490496497902,4.136093728902003,16.63389514813714,0.9998891779294672,19.97900013519362
2.709999999999986,hold_start,47.543310756303235,4.269031437141057,16.62853887257568,0.9998826962090726,19.97822917614666
2.809999999999984,hold_start,50.332471543633915,4.438585877420271,16.621716471318535,0.999875966102268,19.977462940832424
2.909999999999982,hold_start,53.30516229881517,4.619451919139418,16.614439999963828,0.9998689665765187,19.97670201123266
3.00999999999998,accelerate,56.37804751871335,4.806582695481042,16.60691119247854,0.9998616749597083,19.9759470515115
3.1099999999999777,accelerate,58.30666361781442,4.924123478551045,16.602164510771907,0.9998541484233929,19.975197083325618
3.2099999999999755,accelerate,59.96823314811775,5.025445697123057,16.59806564824964,0.9998464704906835,19.974450460744958
3.3099999999999734,accelerate,62.75067595883973,5.1952226752880195,16.591227323765402,0.9998385700642598,19.973708818902885
3.4099999999999713,accelerate,65.45786468406453,5.360544920383166,16.584565645642297,0.999830413165017,19.97297306402791
3.509999999999969,accelerate,68.12665328662113,5.52365471202111,16.577990932666324,0.9998220011086774,19.97224334847725
3.609999999999967,accelerate,70.24027271864254,5.6529311352747085,16.57276816596746,0.9998133628638255,19.97151914905454
3.709999999999965,accelerate,72.16825172239076,5.770927220994446,16.56799548935556,0.9998045391240347,19.970799603148908
3.8099999999999627,accelerate,74.11891489380012,5.890382001410214,16.563163359335096,0.9997955308890155,19.97008478172876
3.9099999999999606,accelerate,75.9254528978138,6.001075795159073,16.558680598971538,0.9997863457043727,19.969374584519237
4.009999999999959,accelerate,77.58307885544068,6.102700749007207,16.554559604830757,0.9997769973570336,19.96866873738709
4.109999999999957,accelerate,79.08778610947623,6.194997426314419,16.55081083946794,0.9997675000686309,19.96796693580534
4.209999999999955,accelerate,80.4363763610617,6.277756772461818,16.547442752352662,0.9997578684188967,19.967268847862172
4.3099999999999525,accelerate,81.62646796028432,6.350820835935612,16.544461750549377,0.9997481172661898,19.96657411765126
4.40999999999995,accelerate,82.65655854411007,6.414086794408219,16.54187203719367,0.9997382616667907,19.965882368959324
4.509999999999948,accelerate,83.59643155494409,6.4718316228104324,16.539502607285907,0.9997283132936058,19.965193306779273
4.609999999999946,accelerate,84.36793377806028,6.519248964383407,16.5375457834968,0.9997182842884169,19.964506613557507
4.709999999999944,accelerate,84.94346376880911,6.554635381550184,16.53606980463643,0.9997081917986,19.96382182230454
4.809999999999942,accelerate,85.333741319737,6.5786432070705825,16.535048693212154,0.9996980550264454,19.963138398716104
4.90999999999994,accelerate,85.57000697964493,6.593188290259408,16.534405908768644,0.9996878892625074,19.962455912711093
5.009999999999938,accelerate,85.65602783420567,6.598499992608259,16.53413236354719,0.999677708921551,19.961773955480957
5.1099999999999355,accelerate,85.5962732737995,6.594852146563281,16.534217188639683,0.9996675280262725,19.96109212769002
5.209999999999933,accelerate,85.3959547841258,6.5825653860938855,16.5346476403414,0.9996573601362009,19.960410043181525
5.309999999999931,accelerate,85.06097249890526,6.562003721210376,16.53540923675911,0.9996472182796924,19.95972733241758
5.409999999999929,accelerate,84.58833684616731,6.532985849465627,16.53650930522809,0.9996371150242902,19.95904364180319
5.509999999999927,accelerate,83.95060419918312,6.493829346369664,16.538015231901053,0.9996270654918143,19.958358550055486
5.609999999999925,accelerate,83.18949792046062,6.447102459461356,16.539824368451892,0.9996170828818387,19.95767169639948
5.709999999999923,accelerate,82.34842419717641,6.395475522392932,16.541829965762638,0.99960717748696,19.956982808087247
5.809999999999921,accelerate,81.44950637167638,6.340310259742997,16.543977584524807,0.999597354042813,19.956291771884075
5.909999999999918,accelerate,80.46498679655669,6.2799060574437515,16.546335293954648,0.9995876202540949,19.955598396996244
6.009999999999916,accelerate,79.40491757410793,6.214884188646442,16.548878289066273,0.9995779836816222,19.954902502280685
6.109999999999914,accelerate,78.2796858511869,6.145886038005814,16.551580954572707,0.9995684509096197,19.954203938848902
6.209999999999912,accelerate,77.09996490946124,6.0735699364475915,16.554416991321208,0.9995590275172074,19.953502590082024
6.30999999999991,accelerate,75.87664006584487,5.998606473970193,16.557359603646976,0.9995497180567547,19.95279837125498
6.409999999999908,accelerate,74.62072877132563,5.921673485134915,16.560381699859263,0.9995405260389424,19.952091228809667
6.509999999999906,accelerate,73.34332788731156,5.84345273027665,16.563456024940532,0.9995314539245367,19.951381139316876
6.6099999999999035,accelerate,72.05552895652937,5.764624646783304,16.56655537048078,0.999522503122783,19.950668108171293
6.709999999999901,accelerate,70.86765705151215,5.691940962016519,16.569409648715695,0.9995136694801079,19.94995227942483
6.809999999999899,accelerate,69.7061258960111,5.620893739140272,16.572199131219143,0.9995049460422522,19.949233861961677
6.909999999999897,accelerate,68.56059714982085,5.550849096778089,16.574949163663685,0.9994963313099527,19.948512926347142
7.009999999999895,transit_out,67.17587437541555,5.466206256459723,16.578283834930097,0.9994878373143997,19.9477892204824
7.109999999999893,transit_out,65.77854638746318,5.380827461693137,16.581648727281923,0.9994794739169992,19.947062554071636
7.209999999999891,transit_out,64.34454762243719,5.293243828765463,16.58510261511164,0.9994712445184272,19.946332897065833
7.309999999999889,transit_out,62.95063469357803,5.208144085403856,16.588457946113664,0.9994631478623641,19.945600328452205
7.4099999999998865,transit_out,61.51817658395859,5.120726759422427,16.59190677808907,0.9994551845087164,19.944864885794082
7.509999999999884,transit_out,60.048128999007204,5.031053097971544,16.595446682348626,0.9994473579808316,19.94412654210479
7.609999999999882,transit_out,59.05806366547976,4.970684846110229,16.59781512289718,0.999439652375937,19.943385691425934
7.70999999999988,transit_out,58.27516958540372,4.92296376733964,16.59967813941667,0.9994320219684117,19.942643350015068
7.809999999999878,transit_out,57.419060819792456,4.870790909323769,16.60171967337919,0.9994244666267593,19.941899537002136
7.909999999999876,transit_out,56.208140614248464,4.797011677444711,16.60462604942469,0.999417012474167,19.94115372306502
8.009999999999874,transit_out,54.5658021491937,4.696983835105589,16.6085831529979,0.9994096928905023,19.94040525233221
8.109999999999872,transit_out,52.86250606820511,4.593293503154258,16.61268770659851,0.9994025322791898,19.9396536846944
8.20999999999987,transit_out,51.230813643547286,4.494010936153688,16.61661690389753,0.9993955300370734,19.938899102847397
8.309999999999867,transit_out,49.660814514855346,4.398527157760232,16.62039504071759,0.9993886757196113,19.93814177788165
8.409999999999865,transit_out,48.0925764277711,4.303194042724082,16.62416803935942,0.9993819694382425,19.93738176956731
8.509999999999863,transit_out,46.582488626868134,4.211437348196821,16.627798844329355,0.9993754064630331,19.936619226352562
8.60999999999986,transit_out,45.45045460168602,4.142680965200675,16.630510441151753,0.9993689739906788,19.9358544355096
8.709999999999859,transit_out,44.64274070935956,4.0936392919295415,16.632433953825725,0.9993626225160259,19.935088322405072
8.809999999999857,transit_out,43.76481205211538,4.040346477309607,16.634527972787435,0.9993563484697107,19.93432096891873
8.909999999999854,transit_out,42.756826937151516,3.9791740839935716,16.63693771224886,0.999350165198025,19.933552160921217
9.009999999999852,transit_out,41.56503737996241,3.9068683378479507,16.63979335946,0.9993440792505393,19.932781810158616
9.10999999999985,transit_out,39.58019560394466,3.7864979738851354,16.64457250025217,0.9993381521984892,19.932008918893935
9.209999999999848,transit_out,37.84186539660963,3.6811352771572277,16.64875241650524,0.9993324031888228,19.931233245883103
9.309999999999846,transit_out,36.28680243578507,3.5869264814134447,16.652487077653223,0.9993268026135893,19.930455343903702
9.409999999999844,transit_out,35.38783596877065,3.5324876385492026,16.654631645753643,0.999321313412287,19.929675841325587
9.509999999999842,transit_out,34.48544579854999,3.477855550203004,16.656784448570047,0.9993159083902576,19.928895185165203
9.60999999999984,transit_out,33.155945478000824,3.3973882077841338,16.659971266386872,0.9993106081614028,19.92811309006389
9.709999999999837,transit_out,31.60630034145045,3.303634654742898,16.6636903105677,0.9993054396394063,19.92732919615077
9.809999999999835,transit_out,29.754453052982424,3.191651803233787,16.66813950178577,0.9993004364469948,19.926543080243604
9.909999999999833,transit_out,28.1145949024422,3.0925388465405206,16.672074921407486,0.9992956019678685,19.925754771730286
10.009999999999831,transit_out,26.932311135028925,3.021112243936255,16.67490364867632,0.9992908901846025,19.924964953962114
10.109999999999829,transit_out,26.680773385922834,3.005922930663539,16.67548336620275,0.9992862500278864,19.92417432896112
10.209999999999827,transit_out,26.680728703026418,3.0059252851986304,16.675455439391808,0.9992816112559333,19.92338381771889
10.309999999999825,transit_out,26.176645307143513,2.9754838998300377,16.676645353188555,0.9992769923506784,19.922593181173777
10.409999999999823,transit_out,25.409119286293418,2.929139096729593,16.67847176847397,0.9992724366962198,19.92180186441774
10.50999999999982,transit_out,24.312513522202785,2.8629393902375573,16.68109291083683,0.9992679725960878,19.92100952441393
10.609999999999818,transit_out,23.324638920723896,2.803321824965406,16.68345137852501,0.9992636093092113,19.9202160708068
10.709999999999816,transit_out,22.873262838100178,2.776089553201985,16.684514816577533,0.9992593047087205,19.91942203664195
10.809999999999814,transit_out,22.158395761563753,2.7329650369491465,16.68621427258191,0.9992550572561159,19.918627451108723
10.909999999999812,transit_out,21.447970756591722,2.690117208958036,16.687903059221856,0.9992508761218183,19.917832215675666
11.00999999999981,transit_out,20.36949504133828,2.6250857041084723,16.690479635468797,0.9992467721663703,19.91703621866645
11.109999999999808,transit_out,18.98668164588879,2.541731173785014,16.693789857857787,0.9992427918923992,19.916238955504443
11.209999999999805,transit_out,16.731076705881037,2.405834683341846,16.69920274593403,0.9992389842738328,19.915439946550872
11.309999999999803,transit_out,14.475656638721565,2.2700377000397767,16.70461291568046,0.9992353869658817,19.91463889108768
11.409999999999801,transit_out,13.365811085623964,2.203248589659485,16.707263857029165,0.9992319600950926,19.913836289740335
11.509999999999799,transit_out,13.365794710243339,2.203250308878608,16.707243387803334,0.9992285600186495,19.913033564949348
11.609999999999797,transit_out,13.365778334848233,2.203252028103205,16.707222918561364,0.9992251599395529,19.91223097395993
11.709999999999795,transit_out,13.365761959442139,2.2032537473334863,16.70720244930325,0.9992217598578033,19.91142851674978
11.809999999999793,transit_out,13.36574558402331,2.2032554665693467,16.70718198002899,0.9992183597734009,19.910626193296604
11.90999999999979,transit_out,13.365729208591745,2.2032571858107866,16.70716151073859,0.9992149596863451,19.909824003578116
12.009999999999788,transit_out,13.3657128331457,2.2032589050577003,16.707141041432052,0.9992115595966359,19.909021947572025
12.109999999999786,transit_out,11.977835649773318,2.1197668317080423,16.710460586684242,0.9992082162009166,19.908219492877958
12.209999999999784,transit_out,10.20733531912889,2.013304454600533,16.714699898804078,0.9992050354695515,19.90741568701021
12.309999999999782,transit_out,8.456194907188982,1.9080594763017742,16.718891495700994,0.9992020180052217,19.90661059872561
12.40999999999978,transit_out,6.958726298484695,1.8181025981901722,16.722472523384514,0.9991991573139648,19.90580435410183
12.509999999999778,transit_out,6.68924125368606,1.801919503592487,16.723103134214917,0.9991963743191051,19.90499762791106
12.609999999999776,transit_out,6.689234557453886,1.801920906978616,16.72308639363378,0.9991935935779395,19.904191018581322
12.709999999999773,transit_out,6.689227861215639,1.8019223103686088,16.723069653039484,0.9991908128346078,19.90338454369213
12.809999999999771,transit_out,6.689221164973069,1.8019237137625703,16.723052912432042,0.9991880320891104,19.902578203221065
12.90999999999977,transit_out,6.689214468724429,1.801925117160395,16.72303617181145,0.9991852513414475,19.90177199714574
13.009999999999767,transit_out,6.6892077724714625,1.801926520562188,16.723019431177708,0.9991824705916188,19.900965925443757
13.109999999999765,transit_out,6.1324505644551275,1.768493992185176,16.7243401106237,0.9991797054694445,19.90015986725511
13.209999999999763,transit_out,5.044239172212642,1.7031619790129577,16.726937289409946,0.9991770319281051,19.899353246990554
13.30999999999976,transit_out,3.977467383730251,1.6391368561107162,16.729482792083875,0.9991744581014987,19.89854602879822
13.409999999999759,transit_out,3.5271888264504936,1.6121188918858516,16.730548476696782,0.9991719566115899,19.897738430311932
13.509999999999756,transit_out,3.346193590331796,1.6012604956380354,16.730967951658165,0.9991694814725126,19.8969307827909
13.609999999999754,transit_out,3.3461906150660634,1.6012617415689347,16.730953075329666,0.9991670103904433,19.896123241748622
13.709999999999752,transit_out,3.3461876397980235,1.6012629875030284,16.730938198989502,0.9991645393064513,19.8953158352986
13.80999999999975,transit_out,3.3461846645276765,1.6012642334403155,16.730923322637675,0.9991620682205365,19.89450856341841
13.909999999999748,transit_out,3.3461816892550225,1.6012654793807977,16.730908446274185,0.999159597132699,19.89370142608562
14.009999999999746,transit_out,3.3226224091849357,1.5998533667373669,16.73095010464386,0.999157126327941,19.89289442130707
14.109999999999744,transit_out,3.1615448448159555,1.5901905142084996,16.731321845736986,0.999154665651117,19.89208748113963
14.209999999999742,transit_out,2.853573786980065,1.5717156143214421,16.73204617412812,0.9991522239014565,19.891280545673727
14.30999999999974,transit_out,2.4067531724911655,1.5449134778990141,16.73310381892171,0.9991498212603709,19.890473479610588
14.409999999999737,transit_out,1.972618727765226,1.5188755819444675,16.734131139082965,0.9991474593324108,19.88966627654833
14.509999999999735,transit_out,1.5512524537775358,1.4936065612805647,16.735127942121228,0.9991451369339021,19.888858948842504
14.609999999999733,transit_out,1.1427068000307865,1.469109284910286,16.736094106148606,0.9991428528764401,19.88805150848393
14.70999999999973,transit_out,0.7469983020958602,1.4453844757270864,16.73702959509859,0.999140605968119,19.887243967100886
14.809999999999729,transit_out,0.3641612053357063,1.4224339264472587,16.737934330099744,0.9991383950148641,19.886436335961275
14.909999999999727,transit_out,0.005384196974319177,1.400928057960739,16.73878148714753,0.9991362187183916,19.885628626601182
15.009999999999724,transit_out,0.3365070409169745,1.420778338348295,16.737974421124417,0.9991340398538083,19.88482106748446
15.109999999999722,transit_out,0.6557476362401442,1.4399181719553285,16.737195592134153,0.9991318309591333,19.884013827355243
15.20999999999972,transit_out,0.9631336863765245,1.4583490225290614,16.736444948201406,0.9991295931298998,19.883206901820873
15.309999999999718,transit_out,1.2587065370725268,1.4760731795580997,16.7357224043001,0.9991273274579995,19.88240028624634
15.409999999999716,transit_out,1.54252872284539,1.4930942111192054,16.735027824238834,0.9991250350314937,19.881593975766698
15.509999999999714,transit_out,1.8146548616230251,1.5094152187550822,16.734361090449568,0.9991227169321809,19.880787965313978
15.609999999999712,transit_out,2.0751966325068043,1.5250427344304807,16.73372194811408,0.999120374235782,19.879982249627727
15.70999999999971,transit_out,2.3242163912801725,1.5399803404626684,16.73311026034445,0.9991180080092055,19.8791768232845
15.809999999999707,transit_out,2.5618351617935007,1.5542351463349995,16.732525749120178,0.99911561931116,19.878371680705808
15.909999999999705,transit_out,2.788154392407575,1.567813095863376,16.731968182984236,0.9991132091899961,19.877566816184178
16.009999999999703,transit_out,3.0033310340984785,1.5807234708715037,16.731437196894035,0.9991107786826755,19.87676222390197
16.10999999999972,transit_out,3.2074729529738644,1.5929726169553051,16.730932543183883,0.9991083288145745,19.87595789794444
16.209999999999734,transit_out,3.283156446321422,1.5975149427195643,16.730736080168082,0.999105866449394,19.875153791910048
16.30999999999975,transit_out,3.3461140232882274,1.6012938161267338,16.7305701164416,0.9991033977345352,19.874349863702694
16.409999999999766,transit_out,3.3461110479603535,1.60129506214303,16.730555239801163,0.9991009266010453,19.873546086189
16.50999999999978,transit_out,3.346108072629736,1.6012963081624936,16.730540363149064,0.9990984554656326,19.87274244264036
16.609999999999797,transit_out,3.3461050972972473,1.6012975541851782,16.730525486485295,0.9990959843282969,19.871938933034457
16.709999999999813,transit_out,3.3461021219620153,1.601298800211031,16.730510609809865,0.9990935131890384,19.871135557348957
16.809999999999828,transit_out,3.346099146624475,1.6013000462400784,16.730495733122766,0.9990910420478569,19.870332315561555
16.909999999999844,transit_out,3.346096171284628,1.6013012922723198,16.730480856424006,0.9990885709047527,19.86952920764992
17.00999999999986,transit_out,3.3460931959429097,1.6013025383077826,16.73046597971358,0.9990860997597256,19.868726233591754
17.109999999999875,transit_out,3.3460902205984477,1.601303784346413,16.730451102991488,0.9990836286127757,19.86792339336475
17.20999999999989,transit_out,3.3460872452516783,1.6013050303882388,16.730436226257734,0.9990811574639028,19.867120686946603
17.309999999999906,transit_out,3.3460842699026005,1.6013062764332586,16.73042134951231,0.999078686313107,19.866318114315003
17.409999999999922,transit_out,3.3460812945512153,1.601307522481473,16.73040647275522,0.9990762151603884,19.865515675447668
17.509999999999938,transit_out,3.346078319197087,1.6013087685328555,16.73039159598647,0.9990737440057468,19.864713370322303
17.609999999999953,transit_out,3.346075343841088,1.6013100145874593,16.730376719206053,0.9990712728491822,19.863911198916618
17.70999999999997,transit_out,3.34607236848278,1.6013112606452573,16.73036184241397,0.9990688016906946,19.863109161208325
17.809999999999985,transit_out,3.346069393122166,1.6013125067062504,16.73034696561022,0.999066330530284,19.862307257175143
17.91,transit_out,3.3460664177588066,1.6013137527704118,16.730332088794807,0.9990638593679506,19.861505486794798
18.010000000000016,transit_out,3.346063442393577,1.6013149988377937,16.730317211967726,0.9990613882036943,19.860703850045017
18.11000000000003,transit_out,3.3460604670256027,1.6013162449083445,16.730302335128982,0.999058917037515,19.85990234690352
18.210000000000047,transit_out,3.346057491655758,1.6013174909821155,16.730287458278575,0.9990564458694129,19.859100977348056
18.310000000000063,transit_out,3.3460545162831687,1.6013187370590556,16.7302725814165,0.9990539746993876,19.858299741356362
18.41000000000008,transit_out,3.346051540908709,1.6013199831392166,16.730257704542755,0.9990515035274394,19.857498638906172
18.510000000000094,transit_out,3.346048565531505,1.601321229222546,16.73024282765735,0.9990490323535683,19.856697669975233
18.61000000000011,transit_out,3.346045590151993,1.60132247530907,16.730227950760277,0.9990465611777742,19.855896834541287
18.710000000000125,transit_out,3.346042614770174,1.6013237213987888,16.73021307385154,0.9990440900000571,19.855096132582098
18.81000000000014,transit_out,3.3460396393860474,1.6013249674917023,16.730198196931138,0.9990416188204171,19.85429556407542
18.910000000000156,transit_out,3.3460366639996124,1.6013262135878104,16.730183319999067,0.999039147638854,19.85349512899901
19.010000000000172,transit_out,3.346033688610871,1.6013274596871139,16.730168443055334,0.999036676455368,19.85269482733063
19.110000000000188,transit_out,3.3460307132198213,1.6013287057896117,16.730153566099936,0.999034205269959,19.851894659048046
19.210000000000203,transit_out,3.346027737826464,1.601329951895305,16.73013868913287,0.9990317340826269,19.85109462412903
19.31000000000022,transit_out,3.3460247624307993,1.601331198004192,16.730123812154137,0.9990292628933719,19.850294722551357
19.410000000000235,transit_out,3.346021787032827,1.6013324441162746,16.730108935163738,0.9990267917021939,19.849494954292812
19.51000000000025,transit_out,3.3460188116325464,1.6013336902315516,16.730094058161672,0.9990243205090928,19.848695319331167
19.610000000000266,transit_out,3.346015836229522,1.6013349363499978,16.730079181147946,0.9990218493140688,19.847895817644215
19.71000000000028,transit_out,3.3460128608246267,1.6013361824716648,16.73006430412255,0.9990193781171217,19.847096449209737
19.810000000000297,transit_out,3.3460098854169873,1.6013374285965003,16.73004942708549,0.9990169069182515,19.84629721400553
19.910000000000313,transit_out,3.346006910007477,1.601338674724557,16.730034550036763,0.9990144357174584,19.8454981120094
20.01000000000033,transit_out,3.3460039345952226,1.6013399208557824,16.730019672976372,0.9990119645147422,19.84469914319914
20.110000000000344,transit_out,3.34600095918066,1.601341166990203,16.730004795904314,0.9990094933101029,19.84390030755255
20.21000000000036,transit_out,3.345997983764226,1.6013424131278446,16.729989918820586,0.9990070221035406,19.843101605047437
20.310000000000375,transit_out,3.345995008345049,1.6013436592686547,16.729975041725197,0.9990045508950552,19.84230303566163
20.41000000000039,transit_out,3.3459920329235633,1.60134490541266,16.72996016461814,0.9990020796846469,19.84150459937293
20.510000000000407,transit_out,3.34598905749977,1.6013461515598604,16.72994528749942,0.9989996084723155,19.840706296159155
20.610000000000422,transit_out,3.3459860820736695,1.6013473977102557,16.729930410369025,0.9989971372580609,19.839908125998132
20.710000000000438,transit_out,3.345983106645261,1.6013486438638462,16.729915533226972,0.9989946660418833,19.83911008886769
20.810000000000453,transit_out,3.3459801312145445,1.6013498900206316,16.729900656073248,0.9989921948237825,19.838312184745657
20.91000000000047,transit_out,3.3459771557815206,1.601351136180612,16.72988577890786,0.9989897236037588,19.83751441360986
21.010000000000485,transit_out,3.3459741803461895,1.601352382343787,16.72987090173081,0.998987252381812,19.836716775438138
21.1100000000005,transit_out,3.3459712049085506,1.6013536285101577,16.729856024542087,0.998984781157942,19.835919270208343
21.210000000000516,transit_out,3.3419408531391963,1.6011132194834283,16.729850813564457,0.9989823099719258,19.83512189762316
21.31000000000053,transit_out,3.303970111710204,1.598836291167833,16.729927075033356,0.9989798410460162,19.83432464229705
21.410000000000547,transit_out,3.265434247975495,1.596525473251619,16.73000471331055,0.9989773756627146,19.833527495370973
21.510000000000563,transit_out,3.226364926084405,1.594182666640292,16.73008365267015,0.9989749138734495,19.832730456507605
21.61000000000058,transit_out,3.139029829493878,1.5889439221560993,16.730278459334286,0.9989724574960264,19.83193351322922
21.710000000000594,transit_out,3.0302918506643697,1.582421160987088,16.730524684461567,0.9989700109493789,19.83113663530742
21.81000000000061,transit_out,2.92042576248538,1.5758309045845933,16.730773670084798,0.9989675745275814,19.830339820994322
21.910000000000625,transit_out,2.80952680061723,1.5691788727858136,16.731025188003045,0.9989651483285129,19.8295430699015
22.01000000000064,transit_out,2.6977216913457918,1.5624726739810655,16.731278934422527,0.9989627324413017,19.82874638170821
22.110000000000657,transit_out,2.585083557428479,1.5557166999589516,16.731534734158043,0.9989603269463292,19.827949756160333
22.210000000000672,transit_out,2.4717146094602502,1.548917086937164,16.731792342191426,0.9989579319144037,19.82715319307501
22.310000000000688,transit_out,2.3577171946957223,1.5420799785875188,16.73205151316073,0.9989555474087335,19.826356692326364
22.410000000000704,transit_out,2.2431448616349723,1.5352085906444377,16.73231211876979,0.9989531734843554,19.82556025384842
22.51000000000072,transit_out,2.1281031070015146,1.5283092544537524,16.732573906048934,0.9989508101876537,19.824763877637334
22.610000000000735,transit_out,2.0126751607639704,1.5213869649829475,16.73283667544355,0.998948457558539,19.82396756373604
22.71000000000075,transit_out,1.8969433233293076,1.514446660813292,16.733100229601256,0.9989461156280599,19.823171312249123
22.810000000000766,transit_out,1.7809625515510417,1.507491639911408,16.733364436752648,0.9989437844205855,19.822375123327564
22.91000000000078,transit_out,1.6648457583053222,1.5005286757366667,16.73362902606487,0.9989414639526557,19.821578997175326
23.010000000000797,stop,1.5484848682018755,1.4935512875276349,16.733894256834404,0.9989391542362744,19.820782934027182
23.110000000000813,stop,1.412272164728575,1.4853835834080453,16.734207168320847,0.9989368560503331,19.81998692919005
23.21000000000083,stop,1.242159854086023,1.4751832809430194,16.73460146779146,0.9989345721864559,19.819190965173934
23.310000000000844,stop,1.0369545986358748,1.462879114204561,16.73508002497668,0.9989323058378602,19.818395022277578
23.41000000000086,stop,0.795056706324503,1.448375531079828,16.735646681836254,0.9989300603318317,19.81759908043039
23.510000000000876,stop,0.5147912256963969,1.431572561239421,16.736305457962615,0.9989278391470071,19.81680311920685
23.61000000000089,stop,0.19450023874968192,1.4123713614469269,16.737060328791163,0.9989256459162967,19.816007117948473
23.710000000000907,stop,0.1804480878321307,1.4115300386211167,16.737080958868617,0.9989234755735338,19.81521110950174
23.810000000000922,stop,0.6169699030783796,1.4377022171716187,16.736020895104875,0.9989212754309973,19.81441541614935
23.910000000000938,stop,1.1010376067394372,1.4667288522461999,16.734846398906022,0.9989190324856,19.813620121610114
24.010000000000954,stop,1.633723111270588,1.4986754350537472,16.73355482390732,0.9989167422745043,19.812825259533017
24.11000000000097,stop,2.2158411083527354,1.5335921892275488,16.732144133912122,0.9989144002480761,19.812030865901782
24.210000000000985,stop,2.8479773053158004,1.5715157602639944,16.73061283543441,0.9989120017896305,19.811236979123898
24.310000000001,stop,3.2355941542136253,1.5947739587717196,16.729667832804843,0.9989095524188591,19.81044356979497
24.410000000001016,stop,3.345877653626896,1.6013928105848323,16.729388268133572,0.9989070829643073,19.809650430844826
24.510000000001032,stop,3.3458746781130793,1.601394056854782,16.729373390566373,0.998904611678048,19.80885743672813
24.610000000001047,stop,3.345871702597392,1.6013953031279538,16.729358512987503,0.9989021403898655,19.80806457477941
24.710000000001063,stop,3.4628611840233914,1.6084167963451275,16.729062821036454,0.9988996672692413,19.80727185766191
24.81000000000108,stop,4.468396837148544,1.668766211043125,16.726633783018066,0.9988971477176486,19.80647959822336
24.910000000001094,stop,6.306668287392903,1.779138355740711,16.722202989913637,0.9988944794654894,19.80568855271597
25.01000000000111,stop,6.688507575653627,1.8020732834202917,16.721268939133516,0.9988917003139925,19.804898481190964
25.110000000001126,stop,6.688500878844913,1.8020746872351423,16.72125219711134,0.9988889193355118,19.8041085555094
25.21000000000114,stop,6.688494182030124,1.8020760910538594,16.721235455076005,0.9988861383548647,19.803318761488015
25.310000000001157,stop,7.1024176356552235,1.826940942342432,16.72022415838669,0.9988833507447337,19.802529150976497
25.410000000001173,stop,10.083582880659556,2.0060998462091235,16.71304017517427,0.9988803852537966,19.801741113749696
25.510000000001188,stop,13.270770643649698,2.197811476302903,16.705352339799152,0.9988771273067737,19.800955755692428
25.610000000001204,stop,13.364085769533848,2.2034297503770284,16.70510721191814,0.998873726953415,19.80017184539167
25.71000000000122,stop,13.364069392793827,2.2034314701830606,16.705086740991415,0.9988703265974022,19.799388065756997
25.810000000001235,stop,13.364053016039321,2.20343318999457,16.705066270048547,0.9988669262387354,19.798604416766647
25.91000000000125,stop,14.381531638108767,2.2646764563441257,16.702596071323942,0.9988635054425102,19.797821094916788
26.010000000001266,stop,18.477935881852225,2.5114193253472705,16.692704361705818,0.9988598015552408,19.797040741823157
26.110000000001282,stop,21.14812240195581,2.6724154392960733,16.686240541308262,0.998855780736894,19.79626393467412
26.210000000001298,stop,22.430494223566537,2.7497815989984864,16.68312082847574,0.9988515910569344,19.79548919275051
26.310000000001313,stop,23.408182806768462,2.808786758339671,16.68073488031837,0.9988472916539122,19.794715882755153
26.41000000000133,stop,25.362482794389678,2.926778621587965,16.675988706092582,0.9988428568293157,19.793944360036726
26.510000000001344,stop,26.66650937420209,3.005549306958217,16.672810425246894,0.9988382691015333,19.793174894346894
26.61000000000136,stop,26.676413528069464,3.006152707583522,16.67275845504311,0.9988336299786202,19.792406219081645
26.710000000001376,stop,28.376084486948645,3.1088670596827774,16.66862169934045,0.9988289171911914,19.791638640049126
26.81000000000139,stop,31.491162132309032,3.2972461860683744,16.6610569780531,0.9988239620816846,19.79087447401522
26.910000000001407,stop,34.014303616112564,3.4499569649130324,16.65491733518057,0.9988187365620823,19.790114283892436
27.010000000001423,hold_turn,35.6530933766776,3.5492066332331937,16.65091495878514,0.9988133229686719,19.78935701744019
27.11000000000144,hold_turn,37.78397295060109,3.678328684017711,16.64571675203529,0.9988077489226844,19.788602347430768
27.210000000001454,hold_turn,40.86679643313079,3.8652753934624746,16.638204094421813,0.9988019218669355,19.787851845435107
27.31000000000147,hold_turn,43.11096998839517,4.001475154875431,16.632719648839487,0.9987958249941525,19.78710596520468
27.410000000001485,hold_turn,44.70284484469258,4.098144555608135,16.62881539790498,0.998789564258502,19.78636304168671
27.5100000000015,hold_turn,46.32619473140441,4.196772593299921,16.62483196903176,0.9987831644772015,19.78562270572705
27.610000000001516,hold_turn,49.0604688349233,4.362997198434392,16.61814344171141,0.998776548306094,19.784886440123916
27.710000000001532,hold_turn,51.92847752776414,4.537497259227726,16.611122313942055,0.9987696671541356,19.7841553036257
27.810000000001548,hold_turn,55.111130040337905,4.731315329554897,16.603326773439253,0.9987625009623199,19.78342989496383
27.910000000001563,hold_turn,57.68313554433934,4.888083610372656,16.59701151932604,0.9987550562896002,19.782710297606815
28.01000000000158,hold_turn,59.25496264455992,4.983954320076575,16.593131031693275,0.9987474316206366,19.781994612642038
28.110000000001595,hold_turn,61.98323434249134,5.15045787909634,16.5864241184561,0.9987396107795785,19.781283294013104
28.21000000000161,hold_turn,65.04694656681308,5.337594372277348,16.578890196465345,0.998731504856571,19.780578449212907
28.310000000001626,hold_turn,68.24165182277396,5.532915713871883,16.571027105536245,0.9987231018368354,19.779880587316313
28.41000000000164,hold_turn,70.86070612419024,5.693186278480914,16.564564367951384,0.998714424603641,19.779189392993683
28.510000000001657,hold_turn,73.5586188241215,5.858415171780604,16.557901825705343,0.9987055013530125,19.778504374968016
28.610000000001673,hold_turn,76.34517822463538,6.029214724947859,16.551014886925064,0.9986963155527918,19.777826125702234
28.71000000000169,hold_turn,79.12064550073188,6.1994785833510955,16.544147796657978,0.9986868666223451,19.777154851984942
28.810000000001704,hold_turn,81.88448201601274,6.369172363926776,16.53730193533637,0.998677155418604,19.77649072316013
28.91000000000172,hold_turn,84.79361590635557,6.547940790959262,16.530091490785047,0.9986671765858797,19.77583408131317
29.010000000001735,hold_turn,87.5125750096737,6.715168505065208,16.52334105546629,0.9986569296533798,19.77518513670934
29.11000000000175,hold_turn,89.98884698449591,6.867593808591551,16.517181212294783,0.9986464342925481,19.774543510625147
29.210000000001767,hold_turn,92.59146223680007,7.027920012254439,16.51070394639027,0.9986357065911834,19.77390889368661
29.310000000001782,hold_turn,95.54447618103475,7.2099834530137485,16.50335557646006,0.9986247064450002,19.77328266940446
29.410000000001798,hold_turn,98.31337132583457,7.380848005451631,16.496453480730995,0.9986134278050893,19.772665232113525
29.510000000001813,hold_turn,100.61957137119144,7.523277413494912,16.49068736892455,0.9986019165777901,19.772055313700665
29.61000000000183,hold_turn,102.85319927546789,7.661323243877501,16.48509528962145,0.9985901875931219,19.77145257940826
29.710000000001845,hold_turn,105.02211523397517,7.795462617974334,16.479658228648127,0.9985782525576928,19.77085676950456
29.81000000000186,hold_turn,107.31136660283931,7.937140907253253,16.47391832590426,0.9985661021649743,19.770268318985767
29.910000000001876,hold_turn,109.6373580366691,8.081196233235284,16.468082031443828,0.9985537330306891,19.769687473151226
30.01000000000189,yaw,112.53655089641008,8.26088889930582,16.46081880513867,0.9985411186899493,19.76911530170139
30.110000000001907,yaw,115.7870718770499,8.462545733238782,16.452675200870992,0.9985281990850082,19.768554136502445
30.210000000001923,yaw,119.0224090680548,8.663464386361174,16.444559261625606,0.9985149692256281,19.768004419372875
30.31000000000194,yaw,122.16353054560435,8.858728428934972,16.436667650230056,0.9985014308101888,19.76746635295718
30.410000000001954,yaw,125.06470455181764,9.039251271514878,16.429363952328053,0.9984876055852576,19.76693935874986
30.51000000000197,yaw,127.61494046369864,9.198079611664001,16.422926446144917,0.9984735189785157,19.766422660869647
30.610000000001985,yaw,129.88069719903834,9.339303847861125,16.417191703062226,0.9984592015788514,19.76591522242586
30.710000000002,yaw,132.32345189255742,9.49167031411118,16.41100998898193,0.9984446688271258,19.765416565191444
30.810000000002017,yaw,135.29203122104843,9.676982964029085,16.403508847286606,0.9984298676130594,19.76492901543589
30.910000000002032,yaw,138.39956794604043,9.871154686081326,16.395651525823073,0.9984147622180469,19.764454278995547
31.010000000002048,yaw,141.1781111697747,10.044938226578278,16.388608063177347,0.9983993818952916,19.763991349853406
31.110000000002064,yaw,145.5940008183651,10.321411066355447,16.37745499874738,0.9983836474232493,19.763543933636477
31.21000000000208,yaw,150.0310231764853,10.59959801232022,16.366230815479433,0.9983674869216059,19.763115610379163
31.310000000002095,yaw,153.08052176849014,10.791041127156195,16.358474046466256,0.9983509499746263,19.762704570978045
31.41000000000211,yaw,156.2070189048216,10.987511421772616,16.350514366089538,0.998334108223126,19.762307841591806
31.510000000002126,yaw,160.05199394940627,11.229385996936344,16.340736567779672,0.9983169350129163,19.761926966007252
31.61000000000214,yaw,162.87375885337377,11.407104384869255,16.333523128354692,0.9982994569359621,19.76156092968355
31.710000000002157,yaw,165.0627312713893,11.545098188349463,16.32789714218823,0.9982817299694129,19.76120721370489
31.810000000002173,yaw,166.6086223759805,11.64263456732983,16.32388835373474,0.998263826035124,19.76086237918872
31.91000000000219,yaw,167.7410041800502,11.714134095458034,16.320920271744516,0.9982457981903962,19.7605238324096
32.0100000000022,yaw,169.69533991070563,11.837537486426276,16.315875204333437,0.9982276238512714,19.760192767846362
32.11000000000218,yaw,172.21555985738195,11.996765970851849,16.30939578026404,0.9982092184969126,19.759873587982995
32.21000000000216,yaw,174.1930057928878,12.121812347500127,16.304282278226395,0.998190591371013,19.759565952677153
32.31000000000214,yaw,175.47817956162854,12.203156240320826,16.300915934256956,0.9981718141085076,19.75926622542531
32.41000000000212,yaw,176.28757390724326,12.254436690388808,16.29875149694462,0.9981529363099222,19.75897184532855
32.5100000000021,yaw,177.41090123917405,12.325596293967935,16.295791367263565,0.9981339677388538,19.758682323299432
32.61000000000208,yaw,178.09404474470483,12.368919934886975,16.29394403473361,0.9981148965709076,19.75839831070557
32.71000000000206,yaw,179.72813701858576,12.472466769096249,16.289687134420163,0.9980957094339448,19.758120557268487
32.81000000000204,yaw,180.1941833571043,12.502074471317686,16.2883870407857,0.9980764072739207,19.75784904399836
32.91000000000202,yaw,181.22490772599394,12.56746175124031,16.28565546660519,0.9980570500193567,19.757580558505154
33.010000000002,yaw,182.10547257300016,12.623355189420877,16.283302967637926,0.9980375811538196,19.757318182162635
33.11000000000198,yaw,181.42598525723173,12.580388448031647,16.284904917521096,0.9980181344890902,19.757054639029604
33.21000000000196,yaw,182.54083615824925,12.651136785546774,16.281958221969468,0.9979986632292992,19.756792481004567
33.31000000000194,yaw,183.43162422790363,12.707704399112883,16.279578291637783,0.9979791168682229,19.756534468099968
33.41000000000192,yaw,183.9089009745391,12.738064144170398,16.278246291755348,0.9979595105030542,19.75627978472793
33.5100000000019,yaw,186.4893422924279,12.901872210629426,16.271575420187066,0.9979397270723784,19.756034913023626
33.61000000000188,yaw,189.22532310819992,13.075701101276072,16.264502064205924,0.9979196668543859,19.755805515946356
33.71000000000186,yaw,192.36642947178882,13.275448645144989,16.256390249768184,0.9978993172486509,19.755592527567597
33.81000000000184,yaw,194.83176124615116,13.432390954930394,16.24998903195836,0.9978787054594237,19.755394599543195
33.91000000000182,yaw,198.65156580166388,13.675754044427741,16.240129028688003,0.9978577546216475,19.755216437535722
34.0100000000018,yaw,200.47533223659354,13.79211478012158,16.23534753377858,0.9978365590844657,19.75505272570173
34.11000000000178,yaw,203.36540927257735,13.976588959997827,16.22784030969006,0.9978151544673163,19.754901516162857
34.21000000000176,yaw,205.39942552108727,14.106562595562892,16.22251121882185,0.9977934435020557,19.754768808496113
34.31000000000174,yaw,206.5772921381988,14.181918989155404,16.219366135043902,0.9977716272006079,19.754642539426136
34.41000000000172,yaw,208.54197339142036,14.30760190380037,16.214206922702036,0.9977496251790852,19.754527682373702
34.5100000000017,yaw,210.5188799620292,14.434150820934441,16.209012037420795,0.9977274508839514,19.75442349614338
34.61000000000168,yaw,210.1780950671831,14.412474304412681,16.209745431434982,0.9977051764546456,19.754325552364882
34.71000000000166,yaw,211.20264498444627,14.478145685660014,16.206984963640657,0.9976828975627677,19.754227904040057
34.810000000001644,yaw,211.066609361963,14.469565508109635,16.207193897769287,0.9976605200579718,19.754136435141508
34.910000000001624,yaw,210.5018284084967,14.433554241934774,16.20850061818047,0.9976382372426307,19.754039062025313
35.010000000001604,yaw,211.8332364659587,14.518873867935561,16.20495384494013,0.9976158927093038,19.75394556275864
35.110000000001584,yaw,210.99319464306964,14.465240219100824,16.20696480228152,0.9975935028841012,19.753854913316193
35.210000000001564,yaw,210.28803044970255,14.420247765761959,16.20863099516908,0.9975712589530487,19.753755164137335
35.310000000001544,yaw,210.06835887909574,14.406318598714934,16.209054500875045,0.9975489842732924,19.75365734729189
35.410000000001524,yaw,206.6301980073883,14.186629799515268,16.217709611319663,0.9975269445886566,19.753544989349507
35.510000000001504,yaw,201.2690785631269,13.84448577292605,16.23126540727253,0.9975053365368773,19.75340629921833
35.610000000001484,yaw,196.54812080187907,13.543696189667779,16.243170414155593,0.9974842868804784,19.7532342805356
35.710000000001465,yaw,194.5158479005974,13.414413012044662,16.248216910373756,0.9974635016837922,19.753046789407968
35.810000000001445,yaw,190.95594011889085,13.188069060911825,16.257147545488483,0.997443016124983,19.7528420343551
35.910000000001425,yaw,188.83391104516102,13.053309619536359,16.262416327878796,0.997422771043742,19.75262359491139
36.010000000001405,yaw,185.05212692645688,12.81329216576755,16.27189707949751,0.9974028169947998,19.752388830144703
36.110000000001385,yaw,180.33496474440312,12.514287914199937,16.283739880846074,0.9973833016850743,19.75212987583213
36.210000000001365,yaw,176.74295156767624,12.28692324928537,16.292719662244487,0.9973642025725191,19.75184846128981
36.310000000001345,yaw,174.22302756833454,12.127598017482798,16.298979544657335,0.997345372683204,19.751552797220953
36.410000000001325,yaw,173.3609431477846,12.073176688427242,16.30104426293016,0.9973266919333241,19.751249344497186
36.510000000001305,yaw,171.0260366685903,11.925705661743914,16.306832201709483,0.9973082309765301,19.750934520645753
36.610000000001286,yaw,169.0236498186245,11.799333104630685,16.31177733151158,0.9972899550647294,19.750610234740417
36.710000000001266,yaw,168.14404002887045,11.74389012130496,16.313885986190233,0.9972717861783492,19.75028054080811
36.810000000001246,yaw,169.59793756777736,11.835755472614434,16.31010225404565,0.9972535856528967,19.749952515567507
36.910000000001226,yaw,171.2290757618586,11.938862837811813,16.305867891349635,0.9972352250599136,19.74963273617634
37.010000000001206,yaw,174.03076529846996,12.116032267043787,16.29866984425725,0.9972166527317673,19.74932396464539
37.110000000001186,yaw,176.0623401804887,12.244627665431345,16.293413738351106,0.9971979178916919,19.74902372299249
37.210000000001166,yaw,178.91154311885435,12.425087953754877,16.286080896686656,0.997178818354297,19.74874284169658
37.310000000001146,yaw,180.71871784592201,12.539670354809143,16.28138192740186,0.9971595217980566,19.74847259182965
37.410000000001126,yaw,183.70658651017027,12.729203426668665,16.27368374996799,0.9971400167892114,19.748213714923743
37.51000000000111,yaw,185.42835941455604,12.838548563098188,16.269191399046704,0.9971202423376114,19.747969685964403
37.61000000000109,yaw,186.2087525164154,12.888183009255046,16.267087207739614,0.9971004324345047,19.74772765987189
37.71000000000107,yaw,187.17892748994169,12.949883363466986,16.26449953430294,0.9970804797014786,19.747493620927063
37.81000000000105,yaw,189.91484756604504,13.12380842240763,16.25742201830676,0.9970603672547661,19.74726858698414
37.91000000000103,yaw,192.17453062452472,13.267595749151507,16.2515484452229,0.997039998396347,19.747058111845547
38.01000000000101,yaw,194.29185648147057,13.402430256413464,16.246031261511074,0.9970193436849947,19.74686408490832
38.11000000000099,yaw,194.02828896867717,13.385759462585387,16.246574131335684,0.9969986859362293,19.746670260134472
38.21000000000097,yaw,197.12428317271358,13.583023540302586,16.2385588865912,0.9969778752216093,19.746485359163415
38.31000000000095,yaw,199.149700125637,13.71222302918978,16.23326459146967,0.996956802689076,19.74631582717249
38.41000000000093,yaw,200.1483790866119,13.776017090346587,16.230585521539233,0.9969355749302857,19.746155509394693
38.51000000000091,yaw,199.94336570757145,13.763054301350163,16.230976443223174,0.996914311951397,19.745997312133305
38.61000000000089,yaw,200.43956337443802,13.794813366088226,16.229578601567475,0.9968930605392773,19.745838453507456
38.71000000000087,yaw,202.45420157376347,13.923472187674149,16.22430403661712,0.9968716720033681,19.74568780849213
38.81000000000085,yaw,205.0307427326528,14.088110692912469,16.21758887031175,0.9968500422468851,19.74555171467301
38.91000000000083,yaw,206.61278890374896,14.189318500614302,16.21340963896423,0.9968282067884887,19.74542815216014
39.01000000000081,yaw,206.86162950437867,14.205343214156365,16.21263706738962,0.9968062738100506,19.745310581365903
39.11000000000079,yaw,205.82084777952508,14.13894577658075,16.215161713380105,0.9967844088044793,19.745188864412427
39.21000000000077,yaw,204.98650445819976,14.08575661363464,16.217158592782233,0.9967626358267305,19.74506154678321
39.31000000000075,yaw,205.25616577543792,14.103101563122154,16.21633434292963,0.9967408911711907,19.74493252490637
39.41000000000073,yaw,205.66015031285752,14.129031323311407,16.215166455134373,0.9967191042717363,19.744806098256362
39.51000000000071,yaw,205.7681623403476,14.136051378606528,16.214754788715748,0.9966972924872578,19.7446812109462
39.61000000000069,yaw,205.78014086153152,14.136935057972423,16.21458854878918,0.9966754768922323,19.74455657709802
39.71000000000067,yaw,205.7873639778866,14.137514884084764,16.214434453426296,0.9966536597496877,19.744432058522232
39.81000000000065,yaw,205.7515845317655,14.135346749056373,16.214390283104322,0.9966318441304255,19.744307467673686
39.91000000000063,yaw,205.69983348639772,14.132157967007618,16.214386965231594,0.9966100330967407,19.744182617601265
40.01000000000061,return_accelerate,205.61972698934593,14.12715722133785,16.21445616021097,0.9965882280605582,19.744057422229112
40.11000000000059,return_accelerate,205.55056682158695,14.122855938262514,16.214497426517248,0.9965664312215482,19.743931747499104
40.21000000000057,return_accelerate,205.56991318636344,14.124210187480935,16.214312488339765,0.9965446363111006,19.74380597605634
40.31000000000055,return_accelerate,205.7083711128363,14.133176053600627,16.21382304219587,0.9965228330109617,19.743680737533293
40.41000000000053,return_accelerate,205.96001260814498,14.149375980617599,16.213044120591405,0.9965010097570088,19.743556738284692
40.51000000000051,return_accelerate,206.33348338694586,14.173364627640513,16.211953468217672,0.9964791549729208,19.743434687242154
40.61000000000049,return_accelerate,206.83896173474915,14.205795815045908,16.210524857417106,0.9964572560840496,19.743315357486384
40.71000000000047,return_accelerate,207.48577025517446,14.247270150128763,16.20873418319591,0.9964352995473759,19.743199586148496
40.81000000000045,return_accelerate,208.28277977079915,14.298361082588627,16.206558421399922,0.9964132709133734,19.74308827267893
40.91000000000043,return_accelerate,209.23792327942328,14.359584050720416,16.20397686325699,0.9963911548957747,19.74298237693166
41.01000000000041,return_accelerate,210.3582212313966,14.431398281080272,16.200971043974235,0.996368935468605,19.742882915829117
41.11000000000039,return_accelerate,211.6495437757742,14.51419171743006,16.19752534603045,0.9963465959435411,19.74279096146248
41.21000000000037,return_accelerate,213.07583023170315,14.605668535196449,16.193731502682382,0.996324120053846,19.74270757591277
41.31000000000035,return_accelerate,214.53488999059573,14.69929123724673,16.189850965876584,0.9963015008186005,19.74263325137791
41.41000000000033,return_accelerate,216.10097354654152,14.799824525833333,16.185693119053916,0.9962787327576696,19.742568393412505
41.51000000000031,return_accelerate,217.8250155838744,14.910547602662675,16.181126706924818,0.9962558008281216,19.742514027901954
41.61000000000029,return_accelerate,219.7049070867469,15.03134282288291,16.176156341869458,0.9962326894791256,19.742471233987136
41.71000000000027,return_accelerate,221.7396964882215,15.162168194128244,16.170783610461257,0.9962093831969601,19.742441111635532
41.81000000000025,return_accelerate,223.9273481869755,15.302913473303011,16.165012829940984,0.9961858665847961,19.742424778325606
41.91000000000023,return_accelerate,226.3178991011951,15.456820382899203,16.15871423478314,0.9961621230380638,19.742423459118985
42.01000000000021,return_accelerate,229.02175198914838,15.631031340567361,16.151601959773757,0.9961381233698804,19.742439255925667
42.11000000000019,return_accelerate,231.88017803018374,15.815368566581565,16.144082978511054,0.9961138462190887,19.742473799636297
42.21000000000017,return_accelerate,234.88715347846082,16.00947267680952,16.136171574040088,0.9960892762544425,19.74252835673613
42.31000000000015,return_accelerate,237.9826014381624,16.209492435638335,16.12802170830661,0.9960643994904749,19.742604137195944
42.41000000000013,return_accelerate,240.65007633191817,16.38205047565507,16.12096856671431,0.9960392361958762,19.742699968706606
42.51000000000011,return_accelerate,243.31324447411464,16.554489017521004,16.11391862571095,0.9960138096968696,19.742814420353092
42.61000000000009,return_accelerate,246.0678624463139,16.733010671721164,16.10662373784503,0.9959881118642463,19.742948267916585
42.71000000000007,return_accelerate,248.9060140664721,16.917119344761023,16.099103692571596,0.9959621337271074,19.74310236642694
42.81000000000005,return_accelerate,252.51806223374194,17.151644798312216,16.08956516551358,0.9959358460489126,19.743279088629784
42.91000000000003,return_accelerate,257.1027556878943,17.449696527597403,16.077483048982653,0.995909125493356,19.743487904532373
43.01000000000001,return_accelerate,261.83735192178773,17.75798295890672,16.064988744858876,0.9958819367730553,19.74373201021833
43.10999999999999,return_accelerate,265.1928604080317,17.976834822621246,16.056069252484196,0.9958543333619364,19.744007861192365
43.20999999999997,return_accelerate,268.1620691816629,18.170728843331624,16.048146232346777,0.9958264268885193,19.744307209491012
43.30999999999995,return_accelerate,271.1380989666189,18.365271416640063,16.04019547155472,0.9957982205565638,19.744630056890664
43.40999999999993,return_accelerate,274.1174519962294,18.560235853993916,16.0322260331968,0.9957697136588316,19.744976707577873
43.50999999999991,return_accelerate,277.8344888403275,18.803708802107252,16.022314345296014,0.9957408810898034,19.74534944268804
43.60999999999989,return_accelerate,282.21747879125803,19.091174061559606,16.010640427356314,0.9957116188009462,19.74575706051679
43.70999999999987,return_accelerate,286.5666198070646,19.376860154252455,15.999035023405167,0.9956819146730139,19.74620107385199
43.80999999999985,return_accelerate,290.94943565868107,19.66520124391043,15.987320760344694,0.9956517669302402,19.746682173704535
43.90999999999983,return_accelerate,294.1635871749466,19.877006167439475,15.978665446090409,0.9956212146921076,19.747197544986008
44.00999999999981,return_transit,296.32494869556825,20.01965178573476,15.972774979426374,0.9955904190235245,19.747733725567386
44.10999999999979,return_transit,298.4687682694031,20.161252913864583,15.966924976794115,0.995559404253654,19.748288770641224
44.20999999999977,return_transit,300.7812621500358,20.314099880695995,15.960623827718017,0.9955281689323523,19.748862938876414
44.309999999999754,return_transit,305.79455349112425,20.645600906908818,15.947174384514648,0.9954965507489775,19.749470718088617
44.409999999999734,return_transit,311.08900023006333,20.99632430797509,15.932952823911233,0.9954643925315353,19.75012659987033
44.509999999999714,return_transit,316.3762320038011,21.34723556607557,15.918720501135004,0.9954316929698617,19.750831511612738
44.609999999999694,return_transit,320.81749759409183,21.642563255144555,15.906708368136725,0.9953984764886805,19.751583982982105
44.709999999999674,return_transit,324.12446886502045,21.86284862507607,15.89769564204059,0.9953648906108795,19.752370855232446
44.809999999999654,return_transit,327.46208438887663,22.08544386222551,15.888588475846955,0.9953309634751529,19.753189841680555
44.909999999999634,return_transit,330.8503230878771,22.31169052738288,15.879333172782209,0.9952966891508024,19.754041832038972
45.009999999999614,return_transit,334.6401948614249,22.565053987770327,15.868991029223416,0.9952620491942866,19.75492894989355
45.109999999999594,return_transit,338.60054986815345,22.830178863155254,15.858175990766695,0.9952270010397336,19.755855733621623
45.209999999999575,return_transit,342.54447564147745,23.09459090587446,15.847387017053725,0.9951915449013723,19.75682262077161
45.309999999999555,return_transit,346.3980533504748,23.35332700790748,15.83682263643591,0.9951556822168792,19.757829925556095
45.409999999999535,return_transit,349.84910177402446,23.585387486958112,15.82732301620599,0.9951194462270946,19.758874727707138
45.509999999999515,return_transit,353.3024511906753,23.81790280223866,15.817803051900484,0.9950828517293876,19.759955898831976
45.609999999999495,return_transit,356.8888348331229,24.059680856251465,15.807910402051107,0.9950458931364815,19.761074371982644
45.709999999999475,return_transit,360.58266434777,24.309032609330757,15.797712519617495,0.9950085526045326,19.762232376025416
45.809999999999455,return_transit,364.41767482494174,24.568267916174754,15.78711696700578,0.9949708225427586,19.76343111487911
45.909999999999435,return_transit,368.5091099764064,24.84522528677912,15.775810035798749,0.994932673738614,19.76467412589887
46.009999999999415,return_transit,372.59468551397305,25.12221437141944,15.764499263606943,0.9948940961923527,19.76596296966179
46.109999999999395,return_transit,376.3251269294292,25.37553662790622,15.754132700162696,0.9948551115686161,19.76729578437361
46.209999999999376,return_transit,382.53005115145334,25.797417445459114,15.737020825988061,0.9948156062181317,19.768685614949543
46.309999999999356,return_transit,388.97668737090083,26.236765825900072,15.719206191497,0.994775421871885,19.770150943599806
46.409999999999336,return_transit,394.3841802660759,26.60619728154845,15.704184265381166,0.9947345868792085,19.77168979082964
46.509999999999316,return_transit,397.7218474512925,26.834777069370123,15.6947937673187,0.9946933338462834,19.773276385138555
46.609999999999296,return_transit,401.92064566458936,27.122634646870473,15.683029899092574,0.9946516952361325,19.77490745708996
46.709999999999276,return_transit,406.53497637412124,27.439474993595844,15.670103780007434,0.9946095621383297,19.776596236446622
46.809999999999256,return_transit,409.76189345375207,27.661532886027867,15.660966428834955,0.9945670219576029,19.778332960613813
46.909999999999236,return_transit,412.7649518483779,27.868474531077336,15.652431775782578,0.9945241588137642,19.78010799698978
47.009999999999216,return_transit,415.7701968837067,28.075813730617732,15.64387930274559,0.9944809759744121,19.78192123750977
47.1099999999992,return_transit,418.6889003791572,28.27743455092695,15.635553643571539,0.9944374737998081,19.783772917644086
47.20999999999918,return_transit,419.4007859556387,28.327033547250046,15.633307655085332,0.9943937947067614,19.78564586482186
47.30999999999916,return_transit,420.1566225323768,28.37968081529746,15.63093925769974,0.9943500354715669,19.78752830737509
47.40999999999914,return_transit,420.9071225348897,28.431977985983433,15.628584377716994,0.9943061952084649,19.789420370307255
47.50999999999912,return_transit,421.65137076681737,28.483861559958918,15.626245559238134,0.9942622746151004,19.791321984625938
47.6099999999991,return_transit,422.3898290846284,28.53536304790315,15.623921545369434,0.994218274275518,19.79323309486886
47.70999999999908,return_transit,423.12249584183917,28.586481987089233,15.62161235817582,0.9941741947824311,19.795153644122557
47.80999999999906,return_transit,423.8494228771913,28.637221611837106,15.619317871840899,0.9941300367280743,19.797083575148495
47.90999999999904,return_transit,424.57059394676617,28.687580457466403,15.617038148457986,0.9940858006970237,19.799022831275195
48.00999999999902,return_transit,425.2860626117109,28.73756188555422,15.61477305706031,0.9940414872714802,19.80097135575236
48.109999999999,return_transit,425.9958856262386,28.78716948475822,15.612522457570748,0.9939970970290858,19.8029290920274
48.20999999999898,return_transit,426.70018207510634,28.836411161705612,15.610286037165997,0.9939526305422527,19.804895983835348
48.30999999999896,return_transit,427.3989376854526,28.885285607221974,15.608063851623335,0.9939080883795655,19.806871975031417
48.40999999999894,return_transit,428.3869376912236,28.954196249919036,15.605039706012612,0.9938634577614,19.808858677193463
48.50999999999892,return_transit,429.65269079406846,29.042371800903297,15.601244221534976,0.9938187004143512,19.81086090339105
48.6099999999989,return_transit,430.90569577006903,29.12971206287573,15.597481335682636,0.9937738077070084,19.812879779652718
48.70999999999888,return_transit,432.14612015876855,29.216227388957446,15.593750641994518,0.9937287809150697,19.81491519370554
48.80999999999886,return_transit,433.3741301663189,29.301928071582424,15.590051736349555,0.9936836212996614,19.816967033700536
48.90999999999884,return_transit,434.5900127124505,29.386832810958804,15.58638387822749,0.9936383301059106,19.819035188429623
49.00999999999882,return_transit,435.7938089819529,29.47094329415744,15.582747007539474,0.9935929085658856,19.821119546987713
49.1099999999988,return_transit,436.9855652629435,29.554261576233024,15.579141049413227,0.9935473579009223,19.823219998507216
49.20999999999878,return_transit,438.1655646405482,29.63680618196811,15.575565270115021,0.9935016793177565,19.825336432682263
49.30999999999876,return_transit,439.3337864840771,29.71857456563854,15.572019778620167,0.9934558740078393,19.827468739888563
49.40999999999874,return_transit,440.4905140949574,29.799585327262374,15.568503838037218,0.9934099431531791,19.82961681046622
49.50999999999872,return_transit,441.6358461258002,29.879844261613872,15.56501722359127,0.993363887922227,19.831780535275158
49.6099999999987,return_transit,442.7698776619462,29.959356935181535,15.561559719558304,0.993317709470042,19.83395980570408
49.70999999999868,return_transit,443.902432365353,30.038806576080347,15.558104002105791,0.993271408573202,19.836154561051636
49.80999999999866,return_transit,445.0067376552731,30.116327426249207,15.554724700310517,0.9932249853120213,19.838364830182815
49.90999999999864,return_transit,445.94271384134777,30.18215109926978,15.551812617396527,0.9931784524885193,19.840588984253586
50.00999999999862,return_transit,446.8439237909232,30.245578179350677,15.54899580516017,0.993131821194869,19.842825607047267
50.1099999999986,return_transit,447.7373684924702,30.30848968306689,15.546199030833266,0.9930850924565947,19.845074589516802
50.20999999999858,return_transit,448.623101095575,30.370888743815257,15.54342217384572,0.993038267067508,19.84733585213574
50.30999999999856,return_transit,449.50122507001026,30.432782017068412,15.540664972699513,0.9929913458133971,19.849609315800464
50.40999999999854,return_transit,450.3717548472041,30.49416995367692,15.53792741404056,0.9929443294741813,19.851894901560307
50.50999999999852,return_transit,451.2347875530707,30.555058786857284,15.535209253195415,0.9928972188247678,19.854192530515807
50.6099999999985,return_transit,452.0904413915491,30.615456236108646,15.532510185986895,0.992850014631096,19.85650212435222
50.70999999999848,return_transit,452.93869112569354,30.675360007134593,15.529830308734404,0.992802717651445,19.8588236051801
50.80999999999846,return_transit,453.7796803035846,30.734779611279556,15.527169245517852,0.9927553286399605,19.861156895080413
50.90999999999844,return_transit,454.6134158826349,30.79371502061236,15.524527001924978,0.9927078483417295,19.86350191676824
51.00999999999842,return_transit,455.4399960817031,30.852172598306513,15.521903327885367,0.9926602774985241,19.86585859284179
51.1099999999984,return_transit,456.25952311023775,30.910158999586745,15.519297961589121,0.9926126168424999,19.868226846631195
51.20999999999838,return_transit,457.07204830843824,30.967677329744312,15.516710783192929,0.9925648671012327,19.870606601539198
51.30999999999836,return_transit,457.87757232527105,31.02472715043093,15.51414181455678,0.9925170289958004,19.872997781307024
51.40999999999834,return_transit,458.67624264887365,31.081318317551982,15.511590665736303,0.9924691032399899,19.875400310131855
51.50999999999832,return_transit,459.4680952395564,31.137452884778916,15.509057258824967,0.9924210905402051,19.87781411269032
51.6099999999983,return_transit,460.25307816418626,31.193126747728694,15.506541762244172,0.9923729916047588,19.880239112898415
51.70999999999828,return_transit,461.03147662934236,31.24835945221158,15.504043398332657,0.9923248071258265,19.882675236349073
51.80999999999826,return_transit,461.80320758237616,31.30314472940215,15.501562421971022,0.9922765377923062,19.885122408592828
51.90999999999824,return_transit,462.5683951380933,31.35749084885732,15.49909850648169,0.9922281842870391,19.88758055552172
52.00999999999822,return_transit,463.32694829635784,31.411390987910902,15.496651928854181,0.9921797472915551,19.89004960273456
52.1099999999982,return_transit,464.0790886198738,31.464860274620357,15.494222088046458,0.9921312274835644,19.89252947588469
52.20999999999818,return_transit,464.82485798107086,31.51790123314657,15.491808887071928,0.9920826255259845,19.895020102178297
52.30999999999816,return_transit,465.57211894970555,31.57106611990834,15.489390239051254,0.9920339418964925,19.89752143363603
52.40999999999814,return_transit,466.3318176002588,31.62512473652554,15.486935344132716,0.9919851751784722,19.90003368054293
52.50999999999812,return_transit,467.0853422681535,31.67876887556711,15.484496529501467,0.9919363253884576,19.902556858100155
52.6099999999981,return_transit,467.8327371752101,31.732001244433892,15.482073690698266,0.9918873931654979,19.905090896273336
52.70999999999808,return_transit,468.5740055926783,31.78482167461656,15.479666838277403,0.991838379145271,19.907635725060004
52.80999999999806,return_transit,469.31172679614616,31.837411360668536,15.47726872824008,0.9917892839303714,19.910191278582207
52.90999999999804,return_transit,470.0929773015521,31.893085562794315,15.474746737008887,0.9917401048143129,19.91275794617995
53.00999999999802,return_transit,470.86769004577025,31.948320114203074,15.472241818137451,0.9916908401546151,19.915335972078363
53.109999999998,return_transit,471.6359178169584,32.00311829373521,15.469753844528254,0.9916414906267872,19.91792528155557
53.20999999999798,return_transit,472.39771331620324,32.05748338158609,15.467282688991764,0.991592056900037,19.920525800292534
53.30999999999796,return_transit,473.15324100257646,32.111426546545445,15.46482790875714,0.9915425396360997,19.9231374545454
53.40999999999794,return_transit,473.9023171745824,32.16493441469504,15.462390042735683,0.9914929394961339,19.92576017019777
53.50999999999792,return_transit,474.6452146096114,32.21802580945305,15.459968341943286,0.9914432571360046,19.928393873422603
53.6099999999979,return_transit,475.3819406646676,32.270700846036824,15.457562805623821,0.9913934931977889,19.93103849187231
53.70999999999788,return_transit,476.1124934694877,32.32295899104979,15.455173458972592,0.9913436483248083,19.93369395259796
53.80999999999786,return_transit,476.83698953728333,32.374808075044704,15.452799992576852,0.9912937231507489,19.936360183572063
53.909999999997844,return_transit,477.55537977067013,32.42624423992384,15.450442564614793,0.9912437183185869,19.939037111051785
54.009999999997824,return_transit,478.2678458859366,32.47727993884421,15.448100680694992,0.9911936344488766,19.94172466401951
54.109999999997804,return_transit,478.97438421984117,32.52791453709314,15.445774369929353,0.9911434721622817,19.944422771042383
54.209999999997784,return_transit,479.67501983390616,32.57814943323733,15.443463580072205,0.9910932320747529,19.947131360953396
54.309999999997764,return_transit,480.36986377088175,32.627992112620504,15.441168015375695,0.9910429147961177,19.949850363057443
54.409999999997744,return_transit,481.05896896524195,32.677445960363904,15.43888754407623,0.9909925209327298,19.952579706766
54.509999999997724,return_transit,481.7422814151056,32.726506798876265,15.436622336878823,0.9909420510854604,19.955319321886734
54.609999999997704,return_transit,482.4199642904791,32.77518582484197,15.43437194951015,0.990891505851591,19.958069138363665
54.709999999997684,return_transit,483.0920136957596,32.82348241828591,15.432136410304025,0.9908408858203517,19.96082908691503
54.809999999997665,return_transit,483.7302626013864,32.869400703511445,15.42999556397903,0.9907901929148678,19.963598908556918
54.909999999997645,return_transit,484.3533833566972,32.9142618372986,15.427896585112007,0.9907394304059306,19.966378151803056
55.009999999997625,return_transit,484.9710718808907,32.95875222602227,15.425812022213648,0.9906885989818943,19.96916673071177
55.109999999997605,return_transit,485.58337810082605,33.00287510086684,15.423741749454445,0.9906376992119056,19.971964575931853
55.209999999997585,return_transit,486.1903629496935,33.046634479457545,15.4216856094964,0.9905867316565122,19.974771619023358
55.309999999997565,return_transit,486.79202965569226,33.09003029210329,15.41964360854336,0.9905356968850921,19.97758778997788
55.409999999997545,return_transit,487.36902725560964,33.13168908380014,15.41767069007714,0.990484595989875,19.98041294365141
55.509999999997525,return_transit,487.89905245996675,33.170026408337044,15.415830262223993,0.9904334342616763,19.9832463330235
55.609999999997505,return_transit,488.4246304102307,33.20805885606189,15.414001675717858,0.9903822136262813,19.986087691043995
55.709999999997486,return_transit,488.94575420737766,33.24578571558352,15.41218496188664,0.99033093456251,19.988936957369507
55.809999999997466,return_transit,489.4624860544988,33.2832111846888,15.410379955612413,0.9902795975353051,19.991794073426146
55.909999999997446,return_transit,489.9749114446358,33.32034112130133,15.408586425330945,0.990228203002549,19.994658981439102
56.009999999997426,return_transit,490.4830552975356,33.35717708589244,15.406804311367598,0.9901767514213693,19.997531623530772
56.109999999997406,return_transit,490.98691567660853,33.393718732984226,15.405033630259629,0.9901252432448433,20.000411942198124
56.209999999997386,return_transit,491.4865395146035,33.42996919247331,15.403274259522309,0.9900736789243438,20.00329987997834
56.309999999997366,return_transit,491.981971672701,33.465931451298104,15.401526082345235,0.9900220589039326,20.006195380261886
56.409999999997346,return_transit,492.4732607605022,33.50160876706184,15.399788971095246,0.989970383628267,20.009098386154765
56.509999999997326,return_transit,492.9604509605574,33.53700408677468,15.39806281052535,0.9899186535357953,20.01200884146517
56.60999999999731,return_transit,493.44354381383636,33.57211732720273,15.396347606573446,0.9898668690612888,20.014926690341902
56.70999999999729,return_transit,493.9225853711533,33.60695157425791,15.394643238391426,0.9898150306356648,20.017851877303695
56.80999999999727,return_transit,494.3976682353924,33.64151323184971,15.392949452391932,0.9897631386861052,20.020784347225824
56.90999999999725,return_transit,494.8687449820159,33.67579874032262,15.391266393507813,0.989711193637598,20.02372404511976
57.00999999999723,return_transit,495.335881451016,33.70981260485487,15.389593884029662,0.9896591959057344,20.026670917184383
57.10999999999721,return_transit,495.79911963252414,33.74355763667357,15.387931814060952,0.9896071459155079,20.02962490807376
57.20999999999719,return_transit,496.25846618217895,33.77703413326663,15.386280174160516,0.9895550440765959,20.03258596449845
57.30999999999717,return_transit,496.7140339828576,33.81024996377187,15.384638652025902,0.9895028907982959,20.03555403305488
57.40999999999715,return_transit,497.1657879404589,33.84320245749404,15.383007356906397,0.9894506864845979,20.03852906094731
57.50999999999713,return_transit,497.6136886915273,33.875888638172704,15.381386410298406,0.9893984315436264,20.04151099461047
57.60999999999711,return_transit,498.05790008778933,33.90832001936366,15.37977535408493,0.9893461263778107,20.04449978114896
57.70999999999709,return_transit,498.4984026107378,33.940495046753846,15.37817425279724,0.9892937713805151,20.047495368834607
57.80999999999707,return_transit,498.93526873988725,33.972418728816294,15.37658290845319,0.9892413669437624,20.050497705979968
57.90999999999705,return_transit,499.3684969832564,34.00409080112316,15.375001333969859,0.9891889134575876,20.053506741035495
58.00999999999703,return_transit,499.79808337002044,34.03551082321016,15.373429549282543,0.9891364113081791,20.056522422864713
58.10999999999701,return_transit,500.2241242306329,34.066685514968874,15.371867287910291,0.9890838608802857,20.059544700393733
58.20999999999699,return_transit,500.6466163310135,34.097614494283825,15.370314567411084,0.9890312625528606,20.062573523254407
58.30999999999697,return_transit,501.065560458052,34.128297666865656,15.368771393825792,0.9889786167041336,20.065608841041126
58.40999999999695,return_transit,501.4810481161372,34.15874141880224,15.367237513957207,0.9889259237075031,20.068650603918403
58.50999999999693,return_transit,501.89307990466847,34.18894564814092,15.365712934106785,0.9888731839335443,20.07169876232805
58.60999999999691,return_transit,502.3235002305747,34.220471043434856,15.364135227936522,0.9888203973420965,20.07475332728915
58.70999999999689,return_transit,502.8654456633413,34.25997488245563,15.36223806098896,0.9887675556813701,20.0778155244738
58.80999999999687,return_transit,503.4560064872348,34.30296583999696,15.360201021374014,0.9887146488280806,20.08088686002952
58.90999999999685,return_transit,504.0428316093132,34.34570316247313,15.358173730159699,0.9886616758469366,20.083967482923608
59.00999999999683,return_transit,504.6259832838272,34.38819109731969,15.35615601977479,0.9886086371249824,20.087057346387272
59.10999999999681,return_transit,505.20549681324223,34.43043196925883,15.354147799530693,0.9885555330452409,20.090156404043256
59.20999999999679,return_transit,505.7813759152498,34.47242584611781,15.35214906900131,0.988502363988867,20.093264609589966
59.30999999999677,return_transit,506.35362750919813,34.51417302602156,15.350159818524624,0.9884491303329784,20.096381917126894
59.40999999999675,return_transit,506.92227760321157,34.55567517506731,15.348179983770871,0.9883958324630049,20.099508279317057
59.50999999999673,return_transit,507.48738522236283,34.59693632696882,15.346209405626997,0.9883424707509078,20.102643650634885
59.60999999999671,return_transit,508.0489387164092,34.637955457384344,15.344248127311062,0.9882890455709091,20.105787985024968
59.70999999999669,return_transit,508.60695300210045,34.67873344560884,15.342296115889877,0.988235557295976,20.10894123642794
59.80999999999667,return_transit,509.16402507748114,34.719456247858915,15.340345935134586,0.9881820062340446,20.112103368347142
59.90999999999665,return_transit,509.7261624087939,34.76055453471527,15.338380356411243,0.9881283920168683,20.115274445612805
60.00999999999663,return_stop,510.2883716190357,34.80167051472539,15.336413688464908,0.9880747142141549,20.1184545425405
60.10999999999661,return_stop,510.7460846332652,34.835303407640374,15.334745985319776,0.9880209777858046,20.121642922675058
60.20999999999659,return_stop,510.97984245481814,34.85287811193369,15.333720365443067,0.9879672031228295,20.124836524294242
60.30999999999657,return_stop,511.042334157953,34.85816829560034,15.333186014534737,0.9879134117128328,20.12803211476872
60.40999999999655,return_stop,510.92136670257094,34.85029695942523,15.333178129562443,0.9878596231909951,20.131226737805626
60.50999999999653,return_stop,510.5790681105507,34.82654799248459,15.33380548282405,0.9878058592866231,20.13441712296596
60.60999999999651,return_stop,509.9619841741061,34.78309279322093,15.335221390160829,0.9877521492203772,20.137598878601512
60.70999999999649,return_stop,509.0956218264468,34.72177294659238,15.337352360722555,0.9876985214660808,20.14076773905413
60.80999999999647,return_stop,507.99072765805624,34.643375781913264,15.340167062470693,0.987645002757904,20.143919719647432
60.90999999999645,return_stop,506.62663798716875,34.54644272494075,15.343724002266926,0.9875916206362645,20.14705074048059
61.00999999999643,return_stop,504.9978357788625,34.43060805690102,15.348037982657404,0.9875384041234664,20.15015653313953
61.10999999999641,return_stop,503.1032712247661,34.29583257359778,15.353110747180603,0.9874853824539966,20.153232838782824
61.20999999999639,return_stop,501.3648642626669,34.1723128128569,15.357734537349149,0.9874325681388404,20.15627791647336
61.30999999999637,return_stop,499.70358908309635,34.05438137653724,15.36213586566511,0.9873799314819984,20.15929626688585
61.40999999999635,return_stop,497.85456000222854,33.92311947002653,15.36707156036394,0.9873274881448658,20.16228568438207
61.50999999999633,return_stop,495.8193356913944,33.77866704593832,15.372536146250246,0.9872752585907026,20.165243286225078
61.60999999999631,return_stop,493.60061812946,33.62124808990067,15.378520785170291,0.9872232629968416,20.16816626849868
61.70999999999629,return_stop,491.2022487893563,33.451169849216484,15.385013306069924,0.9871715211221949,20.171051927983317
61.80999999999627,return_stop,488.6293340398259,33.26883116677502,15.391997870838008,0.9871200521726179,20.1738976836705
61.90999999999625,return_stop,485.7624321228783,33.06578413895177,15.39981252002044,0.9870688781852859,20.176700594422424
62.00999999999623,return_stop,482.4944113489498,32.834497826407784,15.408758753315945,0.9870180440099092,20.179454527324303
62.10999999999621,return_stop,478.8748108348031,32.57859049624463,15.418692080529098,0.9869675891695521,20.182154229909585
62.20999999999619,return_stop,475.08745659371834,32.311170306474274,15.429088340333829,0.9869175391404192,20.18479654227424
62.30999999999617,return_stop,471.14446332399365,32.03314425704189,15.439911355555175,0.9868679109196822,20.18737957103842
62.40999999999615,return_stop,467.18737009162965,31.75454246584676,15.450759999573844,0.9868187159755961,20.18990224306727
62.50999999999613,return_stop,463.3199020372993,31.482671275282854,15.461341962551444,0.9867699438235342,20.1923665242627
62.60999999999611,return_stop,459.42906724176487,31.209556283003185,15.471976189202781,0.9867215904642679,20.194773467153215
62.70999999999609,return_stop,455.4504983763313,30.930684736301295,15.482843231683407,0.9866736636020926,20.1971225391789
62.80999999999607,return_stop,451.3993536867874,30.64714572514326,15.493899575178535,0.9866261711995805,20.199413200383916
62.90999999999605,return_stop,447.29143321558223,30.360066882353486,15.50510015291296,0.9865791195056762,20.20164516562577
63.00999999999603,return_stop,442.7832182033786,30.04546731823775,15.517404262999115,0.986532522641913,20.203817150416437
63.10999999999601,return_stop,437.74290371089654,29.694300108988298,15.531174213994765,0.9864864539386624,20.205920281713976
63.20999999999599,return_stop,432.6696279120454,29.34150563854009,15.545012514878707,0.9864409287265888,20.207953391883397
63.30999999999597,return_stop,427.63278871814066,28.991913157119328,15.558726004662354,0.9863959477638485,20.20991722332372
63.409999999995954,return_stop,424.8097984213157,28.79650050728117,15.566274893451704,0.9863513750527589,20.211829535587924
63.509999999995934,return_stop,422.06104192975954,28.606433358109296,15.573611739609369,0.9863070977492411,20.21370479457185
63.609999999995914,return_stop,419.35599828966383,28.419582194615753,15.580821691952927,0.9862631108849332,20.215543862371458
63.709999999995894,return_stop,416.6870008812812,28.235407083670523,15.587926323196818,0.9862194104413649,20.21734747274557
63.809999999995874,return_stop,414.0903585764647,28.05640892346413,15.594825560693556,0.9861759899126181,20.219116651655682
63.909999999995854,return_stop,411.57605451425917,27.883261949880445,15.601492384235513,0.9861328407325984,20.220852658620725
64.00999999999584,hold_end,409.1531484991641,27.71657471992374,15.607902394686628,0.9860899533314107,20.222556853944106
64.10999999999589,hold_end,406.6183260040484,27.542320149239846,15.614616637892885,0.9860473236190317,20.224229924127343
64.20999999999594,hold_end,403.0877251059866,27.299687479896935,15.624067852957022,0.9860050124440819,20.22586485683584
64.309999999996,hold_end,399.23081099672055,27.034941716318674,15.634406017085373,0.9859631088974465,20.227451473921658
64.40999999999605,hold_end,396.44925169198916,26.84436875527894,15.641779472048924,0.985921561060514,20.228996271058612
64.5099999999961,hold_end,393.94742647884476,26.673168781082094,15.648379626320356,0.9858802800308561,20.23050988063104
64.60999999999615,hold_end,390.3102999432262,26.42434948080067,15.658086292277332,0.9858393007531833,20.231988508632426
64.7099999999962,hold_end,385.64958427048583,26.105859664809447,15.670582542293626,0.9857987927989537,20.233413145962405
64.80999999999625,hold_end,380.9858639179082,25.787702861848917,15.683068419431757,0.985758776067177,20.23478218534904
64.9099999999963,hold_end,376.41321419225415,25.47628748401741,15.695287584093638,0.9857192490498756,20.236096477735067
65.00999999999635,hold_end,373.76716400410436,25.296486015973137,15.702244501379944,0.985680086557772,20.23737038761139
65.1099999999964,hold_end,370.9686934484348,25.10648656124531,15.709611017485035,0.9856412055313386,20.238613342752267
65.20999999999646,hold_end,368.0075754604346,24.905625309099456,15.717413839108033,0.9856026317846397,20.239822781728307
65.3099999999965,hold_end,365.08320003923404,24.707466892335557,15.725110395845668,0.985564365709155,20.240998931222368
65.40999999999656,hold_end,362.24476016779465,24.515337488887052,15.732567613522527,0.9855264022819071,20.242142595199407
65.50999999999661,hold_end,359.62762842782854,24.33838651637963,15.739419398835956,0.9854887206580114,20.243256232464084
65.60999999999666,hold_end,357.0478013978833,24.16412100166627,15.746165391908539,0.9854513096315127,20.24434124495618
65.70999999999671,hold_end,354.4999272652302,23.9921717909126,15.752820336707776,0.9854141655617332,20.245398220928234
65.80999999999676,hold_end,352.1509496418288,23.833808069831118,15.758933401905784,0.9853772760597038,20.246428642502476
65.90999999999681,hold_end,349.84056556007545,23.678177214773015,15.764938602268092,0.9853406277701419,20.24743406644486
66.00999999999686,hold_end,347.54974889465836,23.5239895742113,15.770887509056438,0.9853042184255102,20.248414890883353
66.10999999999692,hold_end,345.2682880800637,23.370553659198915,15.776807768496262,0.9852680459104468,20.24937149394207
66.20999999999697,hold_end,342.70357596999224,23.198169702637138,15.78348745215074,0.9852321267449106,20.250302377088836
66.30999999999702,hold_end,340.15855463449276,23.027262441837056,15.790109657947248,0.985196472346905,20.251206582744377
66.40999999999707,hold_end,337.63305959728757,22.85781689445692,15.796674971584633,0.9851610804529395,20.252084535809654
66.50999999999712,hold_end,335.12523796316856,22.689704814585802,15.80318850940321,0.9851259488334504,20.252936652794272
66.60999999999717,hold_end,332.574889954364,22.51888485137719,15.809811931119464,0.9850910790592076,20.253762974683443
66.70999999999722,hold_end,330.28784902873394,22.365860033897153,15.815725079968773,0.9850564620324992,20.25456457705701
66.80999999999727,hold_end,328.15045141219855,22.22297556943111,15.821233963838782,0.9850220682977994,20.25534447866075
66.90999999999732,hold_end,326.03560614439357,22.081703685150885,15.82667966076595,0.9849878936916755,20.25610322133529
66.99999999999737,hold_end,324.19273236785443,21.958690420513427,15.831416635280867,0.9849573199967738,20.256768483937986
