build,ticks_per_sec,trial,current_m_s,expected_N,inferred_applied_N
Before (stock 2.3.0),60,0,0.1,1.7946000000000002,0.01794600069904661
Before (stock 2.3.0),60,0,0.2,7.178400000000001,0.07178400279618644
Before (stock 2.3.0),60,0,0.4,28.713600000000003,0.28713601118474574
Before (stock 2.3.0),60,0,0.8,114.85440000000001,1.1485440447389792
Before (stock 2.3.0),60,1,0.1,1.7946000000000002,0.017946000699046668
Before (stock 2.3.0),60,1,0.2,7.178400000000001,0.07178400279618667
Before (stock 2.3.0),60,1,0.4,28.713600000000003,0.2871360111847467
Before (stock 2.3.0),60,1,0.8,114.85440000000001,1.1485440447389867
Before (stock 2.3.0),60,2,0.1,1.7946000000000002,0.017946000699046668
Before (stock 2.3.0),60,2,0.2,7.178400000000001,0.07178400279618667
Before (stock 2.3.0),60,2,0.4,28.713600000000003,0.2871360111847467
Before (stock 2.3.0),60,2,0.8,114.85440000000001,1.1485440447389867
Before (stock 2.3.0),100,0,0.1,1.7946000000000002,0.01794599915908723
Before (stock 2.3.0),100,0,0.2,7.178400000000001,0.07178399663634892
Before (stock 2.3.0),100,0,0.4,28.713600000000003,0.2871359865453957
Before (stock 2.3.0),100,0,0.8,114.85440000000001,1.1485439461815827
Before (stock 2.3.0),100,1,0.1,1.7946000000000002,0.01794599915908763
Before (stock 2.3.0),100,1,0.2,7.178400000000001,0.07178399663634892
Before (stock 2.3.0),100,1,0.4,28.713600000000003,0.2871359865453957
Before (stock 2.3.0),100,1,0.8,114.85440000000001,1.1485439461815827
Before (stock 2.3.0),100,2,0.1,1.7946000000000002,0.01794599915908683
Before (stock 2.3.0),100,2,0.2,7.178400000000001,0.07178399663635052
Before (stock 2.3.0),100,2,0.4,28.713600000000003,0.28713598654540207
Before (stock 2.3.0),100,2,0.8,114.85440000000001,1.1485439461815572
Before (stock 2.3.0),200,0,0.1,1.7946000000000002,0.017945998543247462
Before (stock 2.3.0),200,0,0.2,7.178400000000001,0.07178399417298985
Before (stock 2.3.0),200,0,0.4,28.713600000000003,0.2871359766919594
Before (stock 2.3.0),200,0,0.8,114.85440000000001,1.1485439067678376
Before (stock 2.3.0),200,1,0.1,1.7946000000000002,0.01794599854324786
Before (stock 2.3.0),200,1,0.2,7.178400000000001,0.07178399417298985
Before (stock 2.3.0),200,1,0.4,28.713600000000003,0.2871359766919594
Before (stock 2.3.0),200,1,0.8,114.85440000000001,1.1485439067678376
Before (stock 2.3.0),200,2,0.1,1.7946000000000002,0.017945998543247063
Before (stock 2.3.0),200,2,0.2,7.178400000000001,0.07178399417299144
Before (stock 2.3.0),200,2,0.4,28.713600000000003,0.2871359766919658
Before (stock 2.3.0),200,2,0.8,114.85440000000001,1.148543906767812
After (patched 2.3.0),60,0,0.1,1.7946000000000002,1.794600126065188
After (patched 2.3.0),60,0,0.2,7.178400000000001,7.178400504260752
After (patched 2.3.0),60,0,0.4,28.713600000000003,28.71360201704301
After (patched 2.3.0),60,0,0.8,114.85440000000001,114.85440806817165
After (patched 2.3.0),60,1,0.1,1.7946000000000002,1.794600126065194
After (patched 2.3.0),60,1,0.2,7.178400000000001,7.178400504260776
After (patched 2.3.0),60,1,0.4,28.713600000000003,28.713602017043105
After (patched 2.3.0),60,1,0.8,114.85440000000001,114.85440806817242
After (patched 2.3.0),60,2,0.1,1.7946000000000002,1.794600126065194
After (patched 2.3.0),60,2,0.2,7.178400000000001,7.178400504260776
After (patched 2.3.0),60,2,0.4,28.713600000000003,28.713602017043105
After (patched 2.3.0),60,2,0.8,114.85440000000001,114.85440806817242
After (patched 2.3.0),100,0,0.1,1.7946000000000002,1.7946000173311627
After (patched 2.3.0),100,0,0.2,7.178400000000001,7.178400069324651
After (patched 2.3.0),100,0,0.4,28.713600000000003,28.713600277298603
After (patched 2.3.0),100,0,0.8,114.85440000000001,114.85440110919441
After (patched 2.3.0),100,1,0.1,1.7946000000000002,1.7946000173312024
After (patched 2.3.0),100,1,0.2,7.178400000000001,7.178400069324651
After (patched 2.3.0),100,1,0.4,28.713600000000003,28.713600277298603
After (patched 2.3.0),100,1,0.8,114.85440000000001,114.85440110919441
After (patched 2.3.0),100,2,0.1,1.7946000000000002,1.794600017331123
After (patched 2.3.0),100,2,0.2,7.178400000000001,7.17840006932481
After (patched 2.3.0),100,2,0.4,28.713600000000003,28.71360027729924
After (patched 2.3.0),100,2,0.8,114.85440000000001,114.85440110919187
After (patched 2.3.0),200,0,0.1,1.7946000000000002,1.7945998963717376
After (patched 2.3.0),200,0,0.2,7.178400000000001,7.17839958548695
After (patched 2.3.0),200,0,0.4,28.713600000000003,28.7135983419478
After (patched 2.3.0),200,0,0.8,114.85440000000001,114.8543933677912
After (patched 2.3.0),200,1,0.1,1.7946000000000002,1.7945998963717775
After (patched 2.3.0),200,1,0.2,7.178400000000001,7.17839958548695
After (patched 2.3.0),200,1,0.4,28.713600000000003,28.7135983419478
After (patched 2.3.0),200,1,0.8,114.85440000000001,114.8543933677912
After (patched 2.3.0),200,2,0.1,1.7946000000000002,1.7945998963716978
After (patched 2.3.0),200,2,0.2,7.178400000000001,7.17839958548711
After (patched 2.3.0),200,2,0.4,28.713600000000003,28.71359834194844
After (patched 2.3.0),200,2,0.8,114.85440000000001,114.85439336778866
