metric,L0,L1
terminal_energy_Wh,0.2626860879909626,0.2636419018795946
final_soc,0.9990139411111478,0.9991117104666893
minimum_voltage_V,14.8,16.40872701416772
peak_current_A,10.704469170042607,9.64969807901396
peak_temperature_C,20.0,19.99958661801996
propulsion_energy_Wh,0.19756263120083917,0.19851844508947117
payload_energy_Wh,0.016944444444444446,0.016944444444444446
hotel_energy_Wh,0.04166666666666667,0.04166666666666667
conversion_loss_Wh,0.006512345679012318,0.006512345679012326
battery_internal_loss_Wh,0.0,0.0049345294088859615
unmet_energy_Wh,0.0,0.0
peak_unmet_power_W,0.0,0.0
unmet_power_is_capped,False,False
derating_events,0,0
derating_duration_s,0,0
first_derating_time_s,,
time_to_cutoff_s,,
cutoff_events,0,0
command_sequence_completed,True,True
mission_completed,,
mission_completion_time_s,,
simulated_duration_s,10.0,10.0
power_feasible,True,True
dynamics_energy_consistent,True,True
reserve_soc,,
reserve_violation_samples,,
reserve_violation_duration_s,,
backend_step_wall_time_s,0.00039740046486258507,0.00026169989723712206
wrapped_step_wall_time_s,0.39610540110152215,0.3101550005376339
wrapper_overhead_s,0.39570800063665956,0.3098933006403968
